	image_path	airplane	bare-soil	buildings	cars	chaparral	court	dock	field	grass	mobile-home	pavement	sand	sea	ship	storage tanks	trees	water	Artificial Surfaces	Industrial, Commercial, and Transport Units	Mine, Dump, and Construction Sites	Urban Fabric	Forest and Semi-Natural Areas	Shrub and/or Herbaceous Vegetation Associations	Agricultural Areas	Arable Land	Road and Rail Networks and Associated Land	Water Bodies	Marine Waters	Forests	Inland Waters
0	agricultural00.tif	0	0	0	0	0	0	0	1	0	0	0	0	0	0	0	1	0	0	0	0	0	1	0	1	1	0	0	0	1	0
1	agricultural01.tif	0	0	0	0	0	0	0	1	0	0	0	0	0	0	0	0	0	0	0	0	0	0	0	1	1	0	0	0	0	0
2	agricultural02.tif	0	0	0	0	0	0	0	1	0	0	0	0	0	0	0	0	0	0	0	0	0	0	0	1	1	0	0	0	0	0
3	agricultural03.tif	0	0	0	0	0	0	0	1	0	0	0	0	0	0	0	0	0	0	0	0	0	0	0	1	1	0	0	0	0	0
4	agricultural04.tif	0	0	0	0	0	0	0	0	0	0	0	0	0	0	0	1	0	0	0	0	0	1	0	0	0	0	0	0	1	0
5	agricultural05.tif	0	0	0	0	0	0	0	1	0	0	0	0	0	0	0	0	0	0	0	0	0	0	0	1	1	0	0	0	0	0
6	agricultural06.tif	0	0	0	0	0	0	0	1	0	0	0	0	0	0	0	0	0	0	0	0	0	0	0	1	1	0	0	0	0	0
7	agricultural07.tif	0	0	0	0	0	0	0	1	0	0	0	0	0	0	0	0	0	0	0	0	0	0	0	1	1	0	0	0	0	0
8	agricultural08.tif	0	0	0	0	0	0	0	1	0	0	0	0	0	0	0	0	0	0	0	0	0	0	0	1	1	0	0	0	0	0
9	agricultural09.tif	0	0	0	0	0	0	0	1	0	0	0	0	0	0	0	0	0	0	0	0	0	0	0	1	1	0	0	0	0	0
10	agricultural10.tif	0	0	0	0	0	0	0	1	0	0	0	0	0	0	0	0	0	0	0	0	0	0	0	1	1	0	0	0	0	0
11	agricultural11.tif	0	0	0	0	0	0	0	1	0	0	0	0	0	0	0	0	0	0	0	0	0	0	0	1	1	0	0	0	0	0
12	agricultural12.tif	0	0	0	0	0	0	0	1	0	0	0	0	0	0	0	0	0	0	0	0	0	0	0	1	1	0	0	0	0	0
13	agricultural13.tif	0	0	0	0	0	0	0	1	0	0	0	0	0	0	0	0	0	0	0	0	0	0	0	1	1	0	0	0	0	0
14	agricultural14.tif	0	0	0	0	0	0	0	1	0	0	0	0	0	0	0	0	0	0	0	0	0	0	0	1	1	0	0	0	0	0
15	agricultural15.tif	0	0	0	0	0	0	0	1	0	0	0	0	0	0	0	0	0	0	0	0	0	0	0	1	1	0	0	0	0	0
16	agricultural16.tif	0	0	0	0	0	0	0	1	0	0	0	0	0	0	0	0	0	0	0	0	0	0	0	1	1	0	0	0	0	0
17	agricultural17.tif	0	0	0	0	0	0	0	1	0	0	0	0	0	0	0	0	0	0	0	0	0	0	0	1	1	0	0	0	0	0
18	agricultural18.tif	0	0	0	0	0	0	0	1	0	0	0	0	0	0	0	0	0	0	0	0	0	0	0	1	1	0	0	0	0	0
19	agricultural19.tif	0	0	0	0	0	0	0	1	0	0	0	0	0	0	0	0	0	0	0	0	0	0	0	1	1	0	0	0	0	0
20	agricultural20.tif	0	0	0	0	0	0	0	1	0	0	0	0	0	0	0	0	0	0	0	0	0	0	0	1	1	0	0	0	0	0
21	agricultural21.tif	0	0	0	0	0	0	0	0	0	0	0	0	0	0	0	1	0	0	0	0	0	1	0	0	0	0	0	0	1	0
22	agricultural22.tif	0	0	0	0	0	0	0	0	0	0	0	0	0	0	0	1	0	0	0	0	0	1	0	0	0	0	0	0	1	0
23	agricultural23.tif	0	0	0	0	0	0	0	0	0	0	0	0	0	0	0	1	0	0	0	0	0	1	0	0	0	0	0	0	1	0
24	agricultural24.tif	0	0	0	0	0	0	0	1	0	0	0	0	0	0	0	0	0	0	0	0	0	0	0	1	1	0	0	0	0	0
25	agricultural25.tif	0	0	0	0	0	0	0	1	0	0	0	0	0	0	0	0	0	0	0	0	0	0	0	1	1	0	0	0	0	0
26	agricultural26.tif	0	0	0	0	0	0	0	1	0	0	0	0	0	0	0	0	0	0	0	0	0	0	0	1	1	0	0	0	0	0
27	agricultural27.tif	0	0	0	0	0	0	0	1	0	0	0	0	0	0	0	0	0	0	0	0	0	0	0	1	1	0	0	0	0	0
28	agricultural28.tif	0	0	0	0	0	0	0	1	0	0	0	0	0	0	0	0	0	0	0	0	0	0	0	1	1	0	0	0	0	0
29	agricultural29.tif	0	0	0	0	0	0	0	1	0	0	0	0	0	0	0	0	0	0	0	0	0	0	0	1	1	0	0	0	0	0
30	agricultural30.tif	0	0	0	0	0	0	0	1	0	0	0	0	0	0	0	0	0	0	0	0	0	0	0	1	1	0	0	0	0	0
31	agricultural31.tif	0	0	0	0	0	0	0	1	0	0	0	0	0	0	0	0	0	0	0	0	0	0	0	1	1	0	0	0	0	0
32	agricultural32.tif	0	0	0	0	0	0	0	1	0	0	0	0	0	0	0	0	0	0	0	0	0	0	0	1	1	0	0	0	0	0
33	agricultural33.tif	0	0	0	0	0	0	0	1	0	0	0	0	0	0	0	0	0	0	0	0	0	0	0	1	1	0	0	0	0	0
34	agricultural34.tif	0	0	0	0	0	0	0	1	0	0	0	0	0	0	0	0	0	0	0	0	0	0	0	1	1	0	0	0	0	0
35	agricultural35.tif	0	0	0	0	0	0	0	1	0	0	0	0	0	0	0	0	0	0	0	0	0	0	0	1	1	0	0	0	0	0
36	agricultural36.tif	0	0	0	0	0	0	0	1	0	0	0	0	0	0	0	0	0	0	0	0	0	0	0	1	1	0	0	0	0	0
37	agricultural37.tif	0	0	0	0	0	0	0	1	0	0	0	0	0	0	0	0	0	0	0	0	0	0	0	1	1	0	0	0	0	0
38	agricultural38.tif	0	0	0	0	0	0	0	1	0	0	0	0	0	0	0	0	0	0	0	0	0	0	0	1	1	0	0	0	0	0
39	agricultural39.tif	0	0	0	0	0	0	0	1	0	0	0	0	0	0	0	0	0	0	0	0	0	0	0	1	1	0	0	0	0	0
40	agricultural40.tif	0	0	0	0	0	0	0	1	0	0	0	0	0	0	0	0	0	0	0	0	0	0	0	1	1	0	0	0	0	0
41	agricultural41.tif	0	0	0	0	0	0	0	1	0	0	0	0	0	0	0	0	0	0	0	0	0	0	0	1	1	0	0	0	0	0
42	agricultural42.tif	0	0	0	0	0	0	0	1	0	0	0	0	0	0	0	0	0	0	0	0	0	0	0	1	1	0	0	0	0	0
43	agricultural43.tif	0	0	0	0	0	0	0	1	0	0	0	0	0	0	0	0	0	0	0	0	0	0	0	1	1	0	0	0	0	0
44	agricultural44.tif	0	0	0	0	0	0	0	1	0	0	0	0	0	0	0	0	0	0	0	0	0	0	0	1	1	0	0	0	0	0
45	agricultural45.tif	0	0	0	0	0	0	0	1	0	0	0	0	0	0	0	0	0	0	0	0	0	0	0	1	1	0	0	0	0	0
46	agricultural46.tif	0	0	0	0	0	0	0	1	0	0	0	0	0	0	0	0	0	0	0	0	0	0	0	1	1	0	0	0	0	0
47	agricultural47.tif	0	0	0	0	0	0	0	1	0	0	0	0	0	0	0	0	0	0	0	0	0	0	0	1	1	0	0	0	0	0
48	agricultural48.tif	0	0	0	0	0	0	0	1	0	0	0	0	0	0	0	0	0	0	0	0	0	0	0	1	1	0	0	0	0	0
49	agricultural49.tif	0	0	0	0	0	0	0	1	0	0	0	0	0	0	0	0	0	0	0	0	0	0	0	1	1	0	0	0	0	0
50	agricultural50.tif	0	0	0	0	0	0	0	1	0	0	0	0	0	0	0	0	0	0	0	0	0	0	0	1	1	0	0	0	0	0
51	agricultural51.tif	0	0	0	0	0	0	0	1	0	0	0	0	0	0	0	0	0	0	0	0	0	0	0	1	1	0	0	0	0	0
52	agricultural52.tif	0	0	0	0	0	0	0	1	0	0	0	0	0	0	0	0	0	0	0	0	0	0	0	1	1	0	0	0	0	0
53	agricultural53.tif	0	0	0	0	0	0	0	1	0	0	0	0	0	0	0	0	0	0	0	0	0	0	0	1	1	0	0	0	0	0
54	agricultural54.tif	0	0	0	0	0	0	0	1	0	0	0	0	0	0	0	0	0	0	0	0	0	0	0	1	1	0	0	0	0	0
55	agricultural55.tif	0	0	0	0	0	0	0	1	0	0	0	0	0	0	0	0	0	0	0	0	0	0	0	1	1	0	0	0	0	0
56	agricultural56.tif	0	0	0	0	0	0	0	1	0	0	0	0	0	0	0	0	0	0	0	0	0	0	0	1	1	0	0	0	0	0
57	agricultural57.tif	0	0	0	0	0	0	0	1	0	0	0	0	0	0	0	0	0	0	0	0	0	0	0	1	1	0	0	0	0	0
58	agricultural58.tif	0	0	0	0	0	0	0	1	0	0	0	0	0	0	0	0	0	0	0	0	0	0	0	1	1	0	0	0	0	0
59	agricultural59.tif	0	0	0	0	0	0	0	1	0	0	0	0	0	0	0	0	0	0	0	0	0	0	0	1	1	0	0	0	0	0
60	agricultural60.tif	0	0	0	0	0	0	0	1	0	0	0	0	0	0	0	0	0	0	0	0	0	0	0	1	1	0	0	0	0	0
61	agricultural61.tif	0	0	0	0	0	0	0	1	0	0	0	0	0	0	0	1	0	0	0	0	0	1	0	1	1	0	0	0	1	0
62	agricultural62.tif	0	0	0	0	0	0	0	1	0	0	0	0	0	0	0	0	0	0	0	0	0	0	0	1	1	0	0	0	0	0
63	agricultural63.tif	0	0	0	0	0	0	0	1	0	0	0	0	0	0	0	0	0	0	0	0	0	0	0	1	1	0	0	0	0	0
64	agricultural64.tif	0	0	0	0	0	0	0	1	0	0	0	0	0	0	0	0	0	0	0	0	0	0	0	1	1	0	0	0	0	0
65	agricultural65.tif	0	0	0	0	0	0	0	1	0	0	0	0	0	0	0	0	0	0	0	0	0	0	0	1	1	0	0	0	0	0
66	agricultural66.tif	0	0	0	0	0	0	0	1	0	0	0	0	0	0	0	0	0	0	0	0	0	0	0	1	1	0	0	0	0	0
67	agricultural67.tif	0	0	0	0	0	0	0	1	0	0	0	0	0	0	0	0	0	0	0	0	0	0	0	1	1	0	0	0	0	0
68	agricultural68.tif	0	0	0	0	0	0	0	1	0	0	0	0	0	0	0	0	0	0	0	0	0	0	0	1	1	0	0	0	0	0
69	agricultural69.tif	0	0	0	0	0	0	0	1	0	0	0	0	0	0	0	0	0	0	0	0	0	0	0	1	1	0	0	0	0	0
70	agricultural70.tif	0	0	0	0	0	0	0	1	0	0	0	0	0	0	0	0	0	0	0	0	0	0	0	1	1	0	0	0	0	0
71	agricultural71.tif	0	0	0	0	0	0	0	1	0	0	0	0	0	0	0	0	0	0	0	0	0	0	0	1	1	0	0	0	0	0
72	agricultural72.tif	0	0	0	0	0	0	0	1	0	0	0	0	0	0	0	0	0	0	0	0	0	0	0	1	1	0	0	0	0	0
73	agricultural73.tif	0	0	0	0	0	0	0	1	0	0	0	0	0	0	0	0	0	0	0	0	0	0	0	1	1	0	0	0	0	0
74	agricultural74.tif	0	0	0	0	0	0	0	1	0	0	0	0	0	0	0	0	0	0	0	0	0	0	0	1	1	0	0	0	0	0
75	agricultural75.tif	0	0	0	0	0	0	0	1	0	0	0	0	0	0	0	0	0	0	0	0	0	0	0	1	1	0	0	0	0	0
76	agricultural76.tif	0	0	0	0	0	0	0	1	0	0	0	0	0	0	0	0	0	0	0	0	0	0	0	1	1	0	0	0	0	0
77	agricultural77.tif	0	0	0	0	0	0	0	1	0	0	0	0	0	0	0	0	0	0	0	0	0	0	0	1	1	0	0	0	0	0
78	agricultural78.tif	0	0	0	0	0	0	0	1	0	0	0	0	0	0	0	0	0	0	0	0	0	0	0	1	1	0	0	0	0	0
79	agricultural79.tif	0	0	0	0	0	0	0	1	0	0	0	0	0	0	0	0	0	0	0	0	0	0	0	1	1	0	0	0	0	0
80	agricultural80.tif	0	0	0	0	0	0	0	1	0	0	0	0	0	0	0	0	0	0	0	0	0	0	0	1	1	0	0	0	0	0
81	agricultural81.tif	0	0	0	0	0	0	0	1	0	0	0	0	0	0	0	0	0	0	0	0	0	0	0	1	1	0	0	0	0	0
82	agricultural82.tif	0	0	0	0	0	0	0	1	0	0	0	0	0	0	0	0	0	0	0	0	0	0	0	1	1	0	0	0	0	0
83	agricultural83.tif	0	0	0	0	0	0	0	1	0	0	0	0	0	0	0	0	0	0	0	0	0	0	0	1	1	0	0	0	0	0
84	agricultural84.tif	0	0	0	0	0	0	0	1	0	0	0	0	0	0	0	0	0	0	0	0	0	0	0	1	1	0	0	0	0	0
85	agricultural85.tif	0	0	0	0	0	0	0	1	0	0	0	0	0	0	0	0	0	0	0	0	0	0	0	1	1	0	0	0	0	0
86	agricultural86.tif	0	0	0	0	0	0	0	1	0	0	0	0	0	0	0	0	0	0	0	0	0	0	0	1	1	0	0	0	0	0
87	agricultural87.tif	0	0	0	0	0	0	0	1	0	0	0	0	0	0	0	0	0	0	0	0	0	0	0	1	1	0	0	0	0	0
88	agricultural88.tif	0	0	0	0	0	0	0	1	0	0	0	0	0	0	0	0	0	0	0	0	0	0	0	1	1	0	0	0	0	0
89	agricultural89.tif	0	0	0	0	0	0	0	1	0	0	0	0	0	0	0	0	0	0	0	0	0	0	0	1	1	0	0	0	0	0
90	agricultural90.tif	0	0	0	0	0	0	0	1	0	0	0	0	0	0	0	0	0	0	0	0	0	0	0	1	1	0	0	0	0	0
91	agricultural91.tif	0	0	0	0	0	0	0	1	0	0	0	0	0	0	0	0	0	0	0	0	0	0	0	1	1	0	0	0	0	0
92	agricultural92.tif	0	0	0	0	0	0	0	1	0	0	0	0	0	0	0	0	0	0	0	0	0	0	0	1	1	0	0	0	0	0
93	agricultural93.tif	0	0	0	0	0	0	0	1	0	0	0	0	0	0	0	0	0	0	0	0	0	0	0	1	1	0	0	0	0	0
94	agricultural94.tif	0	0	0	0	0	0	0	1	0	0	0	0	0	0	0	0	0	0	0	0	0	0	0	1	1	0	0	0	0	0
95	agricultural95.tif	0	0	0	0	0	0	0	1	0	0	0	0	0	0	0	0	0	0	0	0	0	0	0	1	1	0	0	0	0	0
96	agricultural96.tif	0	0	0	0	0	0	0	1	0	0	0	0	0	0	0	0	0	0	0	0	0	0	0	1	1	0	0	0	0	0
97	agricultural97.tif	0	0	0	0	0	0	0	1	0	0	0	0	0	0	0	0	0	0	0	0	0	0	0	1	1	0	0	0	0	0
98	agricultural98.tif	0	0	0	0	0	0	0	1	0	0	0	0	0	0	0	0	0	0	0	0	0	0	0	1	1	0	0	0	0	0
99	agricultural99.tif	0	0	0	0	0	0	0	1	0	0	0	0	0	0	0	0	0	0	0	0	0	0	0	1	1	0	0	0	0	0
100	airplane00.tif	1	0	0	1	0	0	0	0	1	0	1	0	0	0	0	0	0	1	1	0	0	1	1	0	0	1	0	0	0	0
101	airplane01.tif	1	0	0	0	0	0	0	0	1	0	1	0	0	0	0	0	0	1	1	0	0	1	1	0	0	1	0	0	0	0
102	airplane02.tif	1	0	0	0	0	0	0	0	1	0	1	0	0	0	0	0	0	1	1	0	0	1	1	0	0	1	0	0	0	0
103	airplane03.tif	1	0	0	1	0	0	0	0	0	0	1	0	0	0	0	0	0	1	1	0	0	0	0	0	0	1	0	0	0	0
104	airplane04.tif	1	0	0	1	0	0	0	0	0	0	1	0	0	0	0	0	0	1	1	0	0	0	0	0	0	1	0	0	0	0
105	airplane05.tif	1	0	0	1	0	0	0	0	0	0	1	0	0	0	0	0	0	1	1	0	0	0	0	0	0	1	0	0	0	0
106	airplane06.tif	1	0	1	1	0	0	0	0	0	0	1	0	0	0	0	0	0	1	1	0	1	0	0	0	0	1	0	0	0	0
107	airplane07.tif	1	0	1	1	0	0	0	0	0	0	1	0	0	0	0	0	0	1	1	0	1	0	0	0	0	1	0	0	0	0
108	airplane08.tif	1	0	1	1	0	0	0	0	0	0	1	0	0	0	0	0	0	1	1	0	1	0	0	0	0	1	0	0	0	0
109	airplane09.tif	1	0	0	1	0	0	0	0	0	0	1	0	0	0	0	0	0	1	1	0	0	0	0	0	0	1	0	0	0	0
110	airplane10.tif	1	0	1	1	0	0	0	0	0	0	1	0	0	0	0	0	0	1	1	0	1	0	0	0	0	1	0	0	0	0
111	airplane11.tif	1	0	0	1	0	0	0	0	0	0	1	0	0	0	0	0	0	1	1	0	0	0	0	0	0	1	0	0	0	0
112	airplane12.tif	1	0	0	1	0	0	0	0	0	0	1	0	0	0	0	0	0	1	1	0	0	0	0	0	0	1	0	0	0	0
113	airplane13.tif	1	0	0	1	0	0	0	0	0	0	1	0	0	0	0	0	0	1	1	0	0	0	0	0	0	1	0	0	0	0
114	airplane14.tif	1	0	0	0	0	0	0	0	0	0	1	0	0	0	0	0	0	1	1	0	0	0	0	0	0	1	0	0	0	0
115	airplane15.tif	1	0	0	0	0	0	0	0	0	0	1	0	0	0	0	0	0	1	1	0	0	0	0	0	0	1	0	0	0	0
116	airplane16.tif	1	0	0	1	0	0	0	0	0	0	1	0	0	0	0	0	0	1	1	0	0	0	0	0	0	1	0	0	0	0
117	airplane17.tif	1	0	0	1	0	0	0	0	0	0	1	0	0	0	0	0	0	1	1	0	0	0	0	0	0	1	0	0	0	0
118	airplane18.tif	1	0	0	0	0	0	0	0	0	0	1	0	0	0	0	0	0	1	1	0	0	0	0	0	0	1	0	0	0	0
119	airplane19.tif	1	0	0	0	0	0	0	0	1	0	1	0	0	0	0	0	0	1	1	0	0	1	1	0	0	1	0	0	0	0
120	airplane20.tif	1	0	1	1	0	0	0	0	1	0	1	0	0	0	0	0	0	1	1	0	1	1	1	0	0	1	0	0	0	0
121	airplane21.tif	1	0	1	1	0	0	0	0	0	0	1	0	0	0	0	0	0	1	1	0	1	0	0	0	0	1	0	0	0	0
122	airplane22.tif	1	0	0	0	0	0	0	0	1	0	1	0	0	0	0	0	0	1	1	0	0	1	1	0	0	1	0	0	0	0
123	airplane23.tif	1	0	1	1	0	0	0	0	0	0	1	0	0	0	0	0	0	1	1	0	1	0	0	0	0	1	0	0	0	0
124	airplane24.tif	1	0	1	1	0	0	0	0	1	0	1	0	0	0	0	0	0	1	1	0	1	1	1	0	0	1	0	0	0	0
125	airplane25.tif	1	0	0	1	0	0	0	0	1	0	1	0	0	0	0	0	0	1	1	0	0	1	1	0	0	1	0	0	0	0
126	airplane26.tif	1	0	1	1	0	0	0	0	0	0	1	0	0	0	0	0	0	1	1	0	1	0	0	0	0	1	0	0	0	0
127	airplane27.tif	1	0	1	1	0	0	0	0	0	0	1	0	0	0	0	0	0	1	1	0	1	0	0	0	0	1	0	0	0	0
128	airplane28.tif	1	0	1	1	0	0	0	0	0	0	1	0	0	0	0	0	0	1	1	0	1	0	0	0	0	1	0	0	0	0
129	airplane29.tif	1	0	1	1	0	0	0	0	0	0	1	0	0	0	0	0	0	1	1	0	1	0	0	0	0	1	0	0	0	0
130	airplane30.tif	1	0	1	0	0	0	0	0	0	0	1	0	0	0	0	0	0	1	1	0	1	0	0	0	0	1	0	0	0	0
131	airplane31.tif	1	0	0	0	0	0	0	0	1	0	1	0	0	0	0	0	0	1	1	0	0	1	1	0	0	1	0	0	0	0
132	airplane32.tif	1	0	0	1	0	0	0	0	0	0	1	0	0	0	0	0	0	1	1	0	0	0	0	0	0	1	0	0	0	0
133	airplane33.tif	1	0	0	1	0	0	0	0	0	0	1	0	0	0	0	0	0	1	1	0	0	0	0	0	0	1	0	0	0	0
134	airplane34.tif	1	0	0	1	0	0	0	0	0	0	1	0	0	0	0	0	0	1	1	0	0	0	0	0	0	1	0	0	0	0
135	airplane35.tif	1	0	0	1	0	0	0	0	1	0	1	0	0	0	0	0	0	1	1	0	0	1	1	0	0	1	0	0	0	0
136	airplane36.tif	1	0	1	0	0	0	0	0	0	0	1	0	0	0	0	0	0	1	1	0	1	0	0	0	0	1	0	0	0	0
137	airplane37.tif	1	0	0	0	0	0	0	0	1	0	1	0	0	0	0	0	0	1	1	0	0	1	1	0	0	1	0	0	0	0
138	airplane38.tif	1	0	0	1	0	0	0	0	1	0	1	0	0	0	0	0	0	1	1	0	0	1	1	0	0	1	0	0	0	0
139	airplane39.tif	1	0	0	0	0	0	0	0	0	0	1	0	0	0	0	0	0	1	1	0	0	0	0	0	0	1	0	0	0	0
140	airplane40.tif	1	0	0	1	0	0	0	0	0	0	1	0	0	0	0	0	0	1	1	0	0	0	0	0	0	1	0	0	0	0
141	airplane41.tif	1	0	1	1	0	0	0	0	0	0	1	0	0	0	0	0	0	1	1	0	1	0	0	0	0	1	0	0	0	0
142	airplane42.tif	1	0	0	0	0	0	0	0	0	0	1	0	0	0	0	0	0	1	1	0	0	0	0	0	0	1	0	0	0	0
143	airplane43.tif	1	0	0	0	0	0	0	0	0	0	1	0	0	0	0	0	0	1	1	0	0	0	0	0	0	1	0	0	0	0
144	airplane44.tif	1	0	0	1	0	0	0	0	0	0	1	0	0	0	0	0	0	1	1	0	0	0	0	0	0	1	0	0	0	0
145	airplane45.tif	1	0	0	0	0	0	0	0	0	0	1	0	0	0	0	0	0	1	1	0	0	0	0	0	0	1	0	0	0	0
146	airplane46.tif	1	0	1	0	0	0	0	0	0	0	1	0	0	0	0	0	0	1	1	0	1	0	0	0	0	1	0	0	0	0
147	airplane47.tif	1	0	0	0	0	0	0	0	0	0	1	0	0	0	0	0	0	1	1	0	0	0	0	0	0	1	0	0	0	0
148	airplane48.tif	1	0	1	1	0	0	0	0	0	0	1	0	0	0	0	0	0	1	1	0	1	0	0	0	0	1	0	0	0	0
149	airplane49.tif	1	0	1	1	0	0	0	0	0	0	1	0	0	0	0	0	0	1	1	0	1	0	0	0	0	1	0	0	0	0
150	airplane50.tif	1	0	1	1	0	0	0	0	0	0	1	0	0	0	0	0	0	1	1	0	1	0	0	0	0	1	0	0	0	0
151	airplane51.tif	1	0	1	1	0	0	0	0	0	0	1	0	0	0	0	0	0	1	1	0	1	0	0	0	0	1	0	0	0	0
152	airplane52.tif	1	0	0	1	0	0	0	0	0	0	1	0	0	0	0	0	0	1	1	0	0	0	0	0	0	1	0	0	0	0
153	airplane53.tif	1	0	0	1	0	0	0	0	0	0	1	0	0	0	0	0	0	1	1	0	0	0	0	0	0	1	0	0	0	0
154	airplane54.tif	1	0	1	1	0	0	0	0	0	0	1	0	0	0	0	0	0	1	1	0	1	0	0	0	0	1	0	0	0	0
155	airplane55.tif	1	0	1	1	0	0	0	0	0	0	1	0	0	0	0	0	0	1	1	0	1	0	0	0	0	1	0	0	0	0
156	airplane56.tif	1	0	0	1	0	0	0	0	0	0	1	0	0	0	0	0	0	1	1	0	0	0	0	0	0	1	0	0	0	0
157	airplane57.tif	1	0	0	0	0	0	0	0	0	0	1	0	0	0	0	1	0	1	1	0	0	1	0	0	0	1	0	0	1	0
158	airplane58.tif	1	0	0	1	0	0	0	0	0	0	1	0	0	0	0	0	0	1	1	0	0	0	0	0	0	1	0	0	0	0
159	airplane59.tif	1	0	0	1	0	0	0	0	0	0	1	0	0	0	0	0	0	1	1	0	0	0	0	0	0	1	0	0	0	0
160	airplane60.tif	1	0	1	1	0	0	0	0	0	0	1	0	0	0	0	0	0	1	1	0	1	0	0	0	0	1	0	0	0	0
161	airplane61.tif	1	0	0	1	0	0	0	0	0	0	1	0	0	0	0	0	0	1	1	0	0	0	0	0	0	1	0	0	0	0
162	airplane62.tif	1	0	0	1	0	0	0	0	0	0	1	0	0	0	0	0	0	1	1	0	0	0	0	0	0	1	0	0	0	0
163	airplane63.tif	1	0	0	1	0	0	0	0	0	0	1	0	0	0	0	0	0	1	1	0	0	0	0	0	0	1	0	0	0	0
164	airplane64.tif	1	0	0	1	0	0	0	0	0	0	1	0	0	0	0	0	0	1	1	0	0	0	0	0	0	1	0	0	0	0
165	airplane65.tif	1	0	0	1	0	0	0	0	0	0	1	0	0	0	0	0	0	1	1	0	0	0	0	0	0	1	0	0	0	0
166	airplane66.tif	1	0	0	1	0	0	0	0	0	0	1	0	0	0	0	0	0	1	1	0	0	0	0	0	0	1	0	0	0	0
167	airplane67.tif	1	0	0	1	0	0	0	0	0	0	1	0	0	0	0	0	0	1	1	0	0	0	0	0	0	1	0	0	0	0
168	airplane68.tif	1	0	0	1	0	0	0	0	0	0	1	0	0	0	0	0	0	1	1	0	0	0	0	0	0	1	0	0	0	0
169	airplane69.tif	1	0	1	1	0	0	0	0	0	0	1	0	0	0	0	0	0	1	1	0	1	0	0	0	0	1	0	0	0	0
170	airplane70.tif	1	0	0	1	0	0	0	0	0	0	1	0	0	0	0	0	0	1	1	0	0	0	0	0	0	1	0	0	0	0
171	airplane71.tif	1	0	0	1	0	0	0	0	0	0	1	0	0	0	0	0	0	1	1	0	0	0	0	0	0	1	0	0	0	0
172	airplane72.tif	1	0	0	0	0	0	0	0	0	0	1	0	0	0	0	0	0	1	1	0	0	0	0	0	0	1	0	0	0	0
173	airplane73.tif	1	0	0	0	0	0	0	0	0	0	1	0	0	0	0	0	0	1	1	0	0	0	0	0	0	1	0	0	0	0
174	airplane74.tif	1	0	0	0	0	0	0	0	0	0	1	0	0	0	0	0	0	1	1	0	0	0	0	0	0	1	0	0	0	0
175	airplane75.tif	1	0	0	0	0	0	0	0	0	0	1	0	0	0	0	0	0	1	1	0	0	0	0	0	0	1	0	0	0	0
176	airplane76.tif	1	0	0	0	0	0	0	0	0	0	1	0	0	0	0	0	0	1	1	0	0	0	0	0	0	1	0	0	0	0
177	airplane77.tif	1	0	0	0	0	0	0	0	0	0	1	0	0	0	0	0	0	1	1	0	0	0	0	0	0	1	0	0	0	0
178	airplane78.tif	1	0	0	0	0	0	0	0	1	0	1	0	0	0	0	0	0	1	1	0	0	1	1	0	0	1	0	0	0	0
179	airplane79.tif	1	0	1	0	0	0	0	0	0	0	1	0	0	0	0	0	0	1	1	0	1	0	0	0	0	1	0	0	0	0
180	airplane80.tif	1	0	0	0	0	0	0	0	0	0	1	0	0	0	0	0	0	1	1	0	0	0	0	0	0	1	0	0	0	0
181	airplane81.tif	1	0	1	0	0	0	0	0	0	0	1	0	0	0	0	0	0	1	1	0	1	0	0	0	0	1	0	0	0	0
182	airplane82.tif	1	0	1	1	0	0	0	0	0	0	1	0	0	0	0	0	0	1	1	0	1	0	0	0	0	1	0	0	0	0
183	airplane83.tif	1	0	0	0	0	0	0	0	0	0	1	0	0	0	0	0	0	1	1	0	0	0	0	0	0	1	0	0	0	0
184	airplane84.tif	1	0	0	0	0	0	0	0	0	0	1	0	0	0	0	0	0	1	1	0	0	0	0	0	0	1	0	0	0	0
185	airplane85.tif	1	0	1	0	0	0	0	0	0	0	1	0	0	0	0	0	0	1	1	0	1	0	0	0	0	1	0	0	0	0
186	airplane86.tif	1	0	1	0	0	0	0	0	0	0	1	0	0	0	0	0	0	1	1	0	1	0	0	0	0	1	0	0	0	0
187	airplane87.tif	1	0	0	1	0	0	0	0	0	0	1	0	0	0	0	0	0	1	1	0	0	0	0	0	0	1	0	0	0	0
188	airplane88.tif	1	0	0	0	0	0	0	0	0	0	1	0	0	0	0	0	0	1	1	0	0	0	0	0	0	1	0	0	0	0
189	airplane89.tif	1	0	0	1	0	0	0	0	0	0	1	0	0	0	0	0	0	1	1	0	0	0	0	0	0	1	0	0	0	0
190	airplane90.tif	1	0	0	0	0	0	0	0	0	0	1	0	0	0	0	0	0	1	1	0	0	0	0	0	0	1	0	0	0	0
191	airplane91.tif	1	0	0	1	0	0	0	0	0	0	1	0	0	0	0	0	0	1	1	0	0	0	0	0	0	1	0	0	0	0
192	airplane92.tif	1	0	1	0	0	0	0	0	0	0	1	0	0	0	0	0	0	1	1	0	1	0	0	0	0	1	0	0	0	0
193	airplane93.tif	1	0	0	1	0	0	0	0	0	0	1	0	0	0	0	0	0	1	1	0	0	0	0	0	0	1	0	0	0	0
194	airplane94.tif	1	0	0	0	0	0	0	0	0	0	1	0	0	0	0	0	0	1	1	0	0	0	0	0	0	1	0	0	0	0
195	airplane95.tif	1	0	0	1	0	0	0	0	0	0	1	0	0	0	0	0	0	1	1	0	0	0	0	0	0	1	0	0	0	0
196	airplane96.tif	1	0	0	1	0	0	0	0	0	0	1	0	0	0	0	0	0	1	1	0	0	0	0	0	0	1	0	0	0	0
197	airplane97.tif	1	0	0	1	0	0	0	0	0	0	1	0	0	0	0	0	0	1	1	0	0	0	0	0	0	1	0	0	0	0
198	airplane98.tif	1	0	0	1	0	0	0	0	0	0	1	0	0	0	0	0	0	1	1	0	0	0	0	0	0	1	0	0	0	0
199	airplane99.tif	1	0	1	1	0	0	0	0	0	0	1	0	0	0	0	0	0	1	1	0	1	0	0	0	0	1	0	0	0	0
200	baseballdiamond00.tif	0	1	0	0	0	0	0	0	1	0	1	0	0	0	0	0	0	1	0	1	0	1	1	0	0	1	0	0	0	0
201	baseballdiamond01.tif	0	1	1	0	0	0	0	0	1	0	0	0	0	0	0	0	0	1	0	1	1	1	1	0	0	0	0	0	0	0
202	baseballdiamond02.tif	0	1	0	0	0	0	0	0	1	0	1	0	0	0	0	1	0	1	0	1	0	1	1	0	0	1	0	0	1	0
203	baseballdiamond03.tif	0	1	0	0	0	0	0	0	1	0	0	0	0	0	0	0	0	1	0	1	0	1	1	0	0	0	0	0	0	0
204	baseballdiamond04.tif	0	1	0	0	0	0	0	0	1	0	0	0	0	0	0	1	0	1	0	1	0	1	1	0	0	0	0	0	1	0
205	baseballdiamond05.tif	0	1	0	0	0	0	0	0	1	0	1	0	0	0	0	1	0	1	0	1	0	1	1	0	0	1	0	0	1	0
206	baseballdiamond06.tif	0	1	0	0	0	0	0	0	1	0	1	0	0	0	0	1	0	1	0	1	0	1	1	0	0	1	0	0	1	0
207	baseballdiamond07.tif	0	1	0	0	0	0	0	0	1	0	0	0	0	0	0	0	0	1	0	1	0	1	1	0	0	0	0	0	0	0
208	baseballdiamond08.tif	0	1	1	0	0	0	0	0	1	0	1	0	0	0	0	0	0	1	0	1	1	1	1	0	0	1	0	0	0	0
209	baseballdiamond09.tif	0	1	0	0	0	0	0	0	1	0	1	0	0	0	0	0	0	1	0	1	0	1	1	0	0	1	0	0	0	0
210	baseballdiamond10.tif	0	1	0	0	0	0	0	0	1	0	0	0	0	0	0	1	0	1	0	1	0	1	1	0	0	0	0	0	1	0
211	baseballdiamond11.tif	0	1	0	0	0	0	0	0	1	0	0	0	0	0	0	0	0	1	0	1	0	1	1	0	0	0	0	0	0	0
212	baseballdiamond12.tif	0	1	1	0	0	0	0	0	1	0	0	0	0	0	0	0	0	1	0	1	1	1	1	0	0	0	0	0	0	0
213	baseballdiamond13.tif	0	1	0	0	0	0	0	0	1	0	0	0	0	0	0	0	0	1	0	1	0	1	1	0	0	0	0	0	0	0
214	baseballdiamond14.tif	0	1	0	0	0	0	0	0	1	0	0	0	0	0	0	0	0	1	0	1	0	1	1	0	0	0	0	0	0	0
215	baseballdiamond15.tif	0	1	1	0	0	0	0	0	1	0	1	0	0	0	0	0	0	1	0	1	1	1	1	0	0	1	0	0	0	0
216	baseballdiamond16.tif	0	1	1	0	0	0	0	0	1	0	0	0	0	0	0	1	0	1	0	1	1	1	1	0	0	0	0	0	1	0
217	baseballdiamond17.tif	0	1	1	0	0	0	0	0	1	0	1	0	0	0	0	0	0	1	0	1	1	1	1	0	0	1	0	0	0	0
218	baseballdiamond18.tif	0	1	1	0	0	0	0	0	1	0	0	0	0	0	0	0	0	1	0	1	1	1	1	0	0	0	0	0	0	0
219	baseballdiamond19.tif	0	1	1	0	0	0	0	0	1	0	0	0	0	0	0	1	0	1	0	1	1	1	1	0	0	0	0	0	1	0
220	baseballdiamond20.tif	0	1	1	1	0	0	0	0	1	0	1	0	0	0	0	1	0	1	1	1	1	1	1	0	0	1	0	0	1	0
221	baseballdiamond21.tif	0	1	1	0	0	0	0	0	0	0	0	0	0	0	0	0	0	1	0	1	1	0	0	0	0	0	0	0	0	0
222	baseballdiamond22.tif	0	1	0	0	0	0	0	0	1	0	1	0	0	0	0	0	0	1	0	1	0	1	1	0	0	1	0	0	0	0
223	baseballdiamond23.tif	0	1	0	0	0	0	0	0	1	0	0	0	0	0	0	0	0	1	0	1	0	1	1	0	0	0	0	0	0	0
224	baseballdiamond24.tif	0	1	0	0	0	0	0	0	1	0	0	0	0	0	0	0	0	1	0	1	0	1	1	0	0	0	0	0	0	0
225	baseballdiamond25.tif	0	1	1	0	0	0	0	0	1	0	1	0	0	0	0	0	0	1	0	1	1	1	1	0	0	1	0	0	0	0
226	baseballdiamond26.tif	0	1	0	0	0	0	0	0	1	0	0	0	0	0	0	1	0	1	0	1	0	1	1	0	0	0	0	0	1	0
227	baseballdiamond27.tif	0	1	0	0	0	0	0	0	1	0	0	0	0	0	0	1	0	1	0	1	0	1	1	0	0	0	0	0	1	0
228	baseballdiamond28.tif	0	1	1	0	0	0	0	0	1	0	1	0	0	0	0	1	0	1	0	1	1	1	1	0	0	1	0	0	1	0
229	baseballdiamond29.tif	0	1	0	1	0	0	0	0	1	0	1	0	0	0	0	1	0	1	1	1	0	1	1	0	0	1	0	0	1	0
230	baseballdiamond30.tif	0	1	1	0	0	0	0	0	1	0	0	0	0	0	0	1	0	1	0	1	1	1	1	0	0	0	0	0	1	0
231	baseballdiamond31.tif	0	1	1	0	0	0	0	0	1	0	0	0	0	0	0	0	0	1	0	1	1	1	1	0	0	0	0	0	0	0
232	baseballdiamond32.tif	0	1	0	0	0	0	0	0	1	0	0	0	0	0	0	0	0	1	0	1	0	1	1	0	0	0	0	0	0	0
233	baseballdiamond33.tif	0	1	0	0	0	0	0	0	1	0	0	0	0	0	0	0	0	1	0	1	0	1	1	0	0	0	0	0	0	0
234	baseballdiamond34.tif	0	1	0	0	0	0	0	0	1	0	0	0	0	0	0	0	0	1	0	1	0	1	1	0	0	0	0	0	0	0
235	baseballdiamond35.tif	0	1	1	1	0	0	0	0	1	0	1	0	0	0	0	0	0	1	1	1	1	1	1	0	0	1	0	0	0	0
236	baseballdiamond36.tif	0	1	0	0	0	0	0	0	1	0	0	0	0	0	0	1	0	1	0	1	0	1	1	0	0	0	0	0	1	0
237	baseballdiamond37.tif	0	1	1	0	0	0	0	0	1	0	1	0	0	0	0	1	0	1	0	1	1	1	1	0	0	1	0	0	1	0
238	baseballdiamond38.tif	0	1	1	0	0	0	0	0	1	0	0	0	0	0	0	1	0	1	0	1	1	1	1	0	0	0	0	0	1	0
239	baseballdiamond39.tif	0	1	1	0	0	0	0	0	1	0	1	0	0	0	0	1	0	1	0	1	1	1	1	0	0	1	0	0	1	0
240	baseballdiamond40.tif	0	1	0	1	0	0	0	0	1	0	1	0	0	0	0	1	0	1	1	1	0	1	1	0	0	1	0	0	1	0
241	baseballdiamond41.tif	0	1	1	0	0	0	0	0	1	0	0	0	0	0	0	0	0	1	0	1	1	1	1	0	0	0	0	0	0	0
242	baseballdiamond42.tif	0	1	1	0	0	0	0	0	1	0	0	0	0	0	0	0	0	1	0	1	1	1	1	0	0	0	0	0	0	0
243	baseballdiamond43.tif	0	1	0	0	0	0	0	0	1	0	0	0	0	0	0	1	0	1	0	1	0	1	1	0	0	0	0	0	1	0
244	baseballdiamond44.tif	0	1	1	0	0	0	0	0	1	0	1	0	0	0	0	1	0	1	0	1	1	1	1	0	0	1	0	0	1	0
245	baseballdiamond45.tif	0	1	1	0	0	0	0	0	1	0	0	0	0	0	0	0	0	1	0	1	1	1	1	0	0	0	0	0	0	0
246	baseballdiamond46.tif	0	1	1	0	0	0	0	0	1	0	1	0	0	0	0	1	0	1	0	1	1	1	1	0	0	1	0	0	1	0
247	baseballdiamond47.tif	0	1	1	1	0	0	0	0	1	0	1	0	0	0	0	1	0	1	1	1	1	1	1	0	0	1	0	0	1	0
248	baseballdiamond48.tif	0	1	1	0	0	0	0	0	1	0	1	0	0	0	0	0	0	1	0	1	1	1	1	0	0	1	0	0	0	0
249	baseballdiamond49.tif	0	1	1	0	0	0	0	0	1	0	1	0	0	0	0	0	0	1	0	1	1	1	1	0	0	1	0	0	0	0
250	baseballdiamond50.tif	0	1	1	0	0	0	0	0	1	0	1	0	0	0	0	0	0	1	0	1	1	1	1	0	0	1	0	0	0	0
251	baseballdiamond51.tif	0	1	1	0	0	0	0	0	1	0	1	0	0	0	0	0	0	1	0	1	1	1	1	0	0	1	0	0	0	0
252	baseballdiamond52.tif	0	1	1	0	0	0	0	0	1	0	1	0	0	0	0	0	0	1	0	1	1	1	1	0	0	1	0	0	0	0
253	baseballdiamond53.tif	0	1	0	0	0	0	0	0	1	0	0	0	0	0	0	1	0	1	0	1	0	1	1	0	0	0	0	0	1	0
254	baseballdiamond54.tif	0	1	0	0	0	0	0	0	1	0	0	0	0	0	0	1	0	1	0	1	0	1	1	0	0	0	0	0	1	0
255	baseballdiamond55.tif	0	1	1	0	0	0	0	0	1	0	1	0	0	0	0	1	0	1	0	1	1	1	1	0	0	1	0	0	1	0
256	baseballdiamond56.tif	0	1	1	0	0	0	0	0	1	0	0	0	0	0	0	0	0	1	0	1	1	1	1	0	0	0	0	0	0	0
257	baseballdiamond57.tif	0	1	0	0	0	0	0	0	1	0	0	0	0	0	0	1	0	1	0	1	0	1	1	0	0	0	0	0	1	0
258	baseballdiamond58.tif	0	1	1	0	0	0	0	0	1	0	0	0	0	0	0	1	0	1	0	1	1	1	1	0	0	0	0	0	1	0
259	baseballdiamond59.tif	0	1	1	1	0	0	0	0	0	0	1	0	0	0	0	0	0	1	1	1	1	0	0	0	0	1	0	0	0	0
260	baseballdiamond60.tif	0	1	1	0	0	0	0	0	0	0	1	0	0	0	0	0	0	1	0	1	1	0	0	0	0	1	0	0	0	0
261	baseballdiamond61.tif	0	1	1	0	0	0	0	0	0	0	1	0	0	0	0	1	0	1	0	1	1	1	0	0	0	1	0	0	1	0
262	baseballdiamond62.tif	0	1	1	0	0	0	0	0	1	0	1	0	0	0	0	1	0	1	0	1	1	1	1	0	0	1	0	0	1	0
263	baseballdiamond63.tif	0	1	1	0	0	0	0	0	1	0	1	0	0	0	0	0	0	1	0	1	1	1	1	0	0	1	0	0	0	0
264	baseballdiamond64.tif	0	1	1	0	0	0	0	0	0	0	1	0	0	0	0	1	0	1	0	1	1	1	0	0	0	1	0	0	1	0
265	baseballdiamond65.tif	0	1	0	1	0	0	0	0	1	0	1	0	0	0	0	0	0	1	1	1	0	1	1	0	0	1	0	0	0	0
266	baseballdiamond66.tif	0	1	0	0	0	0	0	0	1	0	0	0	0	0	0	0	0	1	0	1	0	1	1	0	0	0	0	0	0	0
267	baseballdiamond67.tif	0	1	0	0	0	0	0	0	1	0	0	0	0	0	0	0	0	1	0	1	0	1	1	0	0	0	0	0	0	0
268	baseballdiamond68.tif	0	1	0	0	0	0	0	0	1	0	0	0	0	0	0	0	0	1	0	1	0	1	1	0	0	0	0	0	0	0
269	baseballdiamond69.tif	0	1	0	0	0	0	0	0	1	0	0	0	0	0	0	0	0	1	0	1	0	1	1	0	0	0	0	0	0	0
270	baseballdiamond70.tif	0	1	0	0	0	0	0	0	1	0	0	0	0	0	0	0	0	1	0	1	0	1	1	0	0	0	0	0	0	0
271	baseballdiamond71.tif	0	1	0	0	0	0	0	0	1	0	1	0	0	0	0	0	0	1	0	1	0	1	1	0	0	1	0	0	0	0
272	baseballdiamond72.tif	0	1	0	1	0	0	0	0	1	0	1	0	0	0	0	1	0	1	1	1	0	1	1	0	0	1	0	0	1	0
273	baseballdiamond73.tif	0	1	0	0	0	0	0	0	1	0	0	0	0	0	0	0	0	1	0	1	0	1	1	0	0	0	0	0	0	0
274	baseballdiamond74.tif	0	1	1	1	0	0	0	0	1	0	0	0	0	0	0	0	0	1	1	1	1	1	1	0	0	0	0	0	0	0
275	baseballdiamond75.tif	0	1	0	0	0	0	0	0	1	0	0	0	0	0	0	1	0	1	0	1	0	1	1	0	0	0	0	0	1	0
276	baseballdiamond76.tif	0	1	0	0	0	0	0	0	1	0	0	0	0	0	0	0	0	1	0	1	0	1	1	0	0	0	0	0	0	0
277	baseballdiamond77.tif	0	1	0	0	0	0	0	0	1	0	0	0	0	0	0	1	0	1	0	1	0	1	1	0	0	0	0	0	1	0
278	baseballdiamond78.tif	0	1	0	0	0	0	0	0	1	0	0	0	0	0	0	1	0	1	0	1	0	1	1	0	0	0	0	0	1	0
279	baseballdiamond79.tif	0	1	0	0	0	0	0	0	1	0	1	0	0	0	0	1	0	1	0	1	0	1	1	0	0	1	0	0	1	0
280	baseballdiamond80.tif	0	1	0	1	0	0	0	0	1	0	1	0	0	0	0	1	0	1	1	1	0	1	1	0	0	1	0	0	1	0
281	baseballdiamond81.tif	0	1	1	0	0	0	0	0	1	0	1	0	0	0	0	1	0	1	0	1	1	1	1	0	0	1	0	0	1	0
282	baseballdiamond82.tif	0	1	1	0	0	0	0	0	1	0	0	0	0	0	0	0	0	1	0	1	1	1	1	0	0	0	0	0	0	0
283	baseballdiamond83.tif	0	1	0	0	0	0	0	0	1	0	0	0	0	0	0	0	0	1	0	1	0	1	1	0	0	0	0	0	0	0
284	baseballdiamond84.tif	0	1	0	0	0	0	0	0	1	0	0	0	0	0	0	0	0	1	0	1	0	1	1	0	0	0	0	0	0	0
285	baseballdiamond85.tif	0	1	1	0	0	0	0	0	1	0	0	0	0	0	0	0	0	1	0	1	1	1	1	0	0	0	0	0	0	0
286	baseballdiamond86.tif	0	1	1	0	0	0	0	0	1	0	0	0	0	0	0	0	0	1	0	1	1	1	1	0	0	0	0	0	0	0
287	baseballdiamond87.tif	0	1	1	0	0	0	0	0	1	0	0	0	0	0	0	0	0	1	0	1	1	1	1	0	0	0	0	0	0	0
288	baseballdiamond88.tif	0	1	0	0	0	0	0	0	1	0	0	0	0	0	0	1	0	1	0	1	0	1	1	0	0	0	0	0	1	0
289	baseballdiamond89.tif	0	1	0	1	0	0	0	0	1	0	1	0	0	0	0	0	0	1	1	1	0	1	1	0	0	1	0	0	0	0
290	baseballdiamond90.tif	0	1	0	0	0	0	0	0	0	0	0	0	0	0	0	0	0	1	0	1	0	0	0	0	0	0	0	0	0	0
291	baseballdiamond91.tif	0	1	1	0	0	0	0	0	1	0	1	0	0	0	0	1	0	1	0	1	1	1	1	0	0	1	0	0	1	0
292	baseballdiamond92.tif	0	1	1	0	0	0	0	0	1	0	0	0	0	0	0	1	0	1	0	1	1	1	1	0	0	0	0	0	1	0
293	baseballdiamond93.tif	0	1	1	0	0	0	0	0	1	0	0	0	0	0	0	1	0	1	0	1	1	1	1	0	0	0	0	0	1	0
294	baseballdiamond94.tif	0	1	0	0	0	0	0	0	1	0	0	0	0	0	0	1	0	1	0	1	0	1	1	0	0	0	0	0	1	0
295	baseballdiamond95.tif	0	1	0	1	0	0	0	0	1	0	1	0	0	0	0	1	0	1	1	1	0	1	1	0	0	1	0	0	1	0
296	baseballdiamond96.tif	0	1	1	0	0	1	0	0	1	0	1	0	0	0	0	1	0	1	1	1	1	1	1	0	0	1	0	0	1	0
297	baseballdiamond97.tif	0	1	1	0	0	0	0	0	1	0	0	0	0	0	0	1	0	1	0	1	1	1	1	0	0	0	0	0	1	0
298	baseballdiamond98.tif	0	1	1	0	0	0	0	0	1	0	0	0	0	0	0	1	0	1	0	1	1	1	1	0	0	0	0	0	1	0
299	baseballdiamond99.tif	0	1	1	1	0	0	0	0	1	0	0	0	0	0	0	1	0	1	1	1	1	1	1	0	0	0	0	0	1	0
300	beach00.tif	0	0	0	0	0	0	0	0	0	0	0	1	1	0	0	0	0	0	0	0	0	0	0	0	0	0	1	1	0	0
301	beach01.tif	0	0	0	0	0	0	0	0	0	0	0	1	1	0	0	0	0	0	0	0	0	0	0	0	0	0	1	1	0	0
302	beach02.tif	0	0	0	0	0	0	0	0	0	0	0	1	1	0	0	0	0	0	0	0	0	0	0	0	0	0	1	1	0	0
303	beach03.tif	0	0	0	0	0	0	0	0	0	0	0	1	1	0	0	0	0	0	0	0	0	0	0	0	0	0	1	1	0	0
304	beach04.tif	0	0	0	0	0	0	0	0	0	0	0	1	1	0	0	0	0	0	0	0	0	0	0	0	0	0	1	1	0	0
305	beach05.tif	0	0	0	0	0	0	0	0	0	0	0	1	1	0	0	0	0	0	0	0	0	0	0	0	0	0	1	1	0	0
306	beach06.tif	0	0	0	0	0	0	0	0	0	0	0	1	1	0	0	0	0	0	0	0	0	0	0	0	0	0	1	1	0	0
307	beach07.tif	0	0	0	0	0	0	0	0	0	0	0	1	1	0	0	0	0	0	0	0	0	0	0	0	0	0	1	1	0	0
308	beach08.tif	0	0	0	0	0	0	0	0	0	0	0	1	1	0	0	0	0	0	0	0	0	0	0	0	0	0	1	1	0	0
309	beach09.tif	0	0	0	0	0	0	0	0	0	0	0	1	1	0	0	0	0	0	0	0	0	0	0	0	0	0	1	1	0	0
310	beach10.tif	0	0	0	0	0	0	0	0	0	0	0	1	1	0	0	0	0	0	0	0	0	0	0	0	0	0	1	1	0	0
311	beach11.tif	0	0	0	0	0	0	0	0	0	0	0	1	1	0	0	0	0	0	0	0	0	0	0	0	0	0	1	1	0	0
312	beach12.tif	0	0	0	0	0	0	0	0	0	0	0	1	1	0	0	0	0	0	0	0	0	0	0	0	0	0	1	1	0	0
313	beach13.tif	0	0	0	0	0	0	0	0	0	0	0	1	1	0	0	0	0	0	0	0	0	0	0	0	0	0	1	1	0	0
314	beach14.tif	0	0	0	0	0	0	0	0	0	0	0	1	1	0	0	0	0	0	0	0	0	0	0	0	0	0	1	1	0	0
315	beach15.tif	0	0	0	0	0	0	0	0	0	0	0	1	1	0	0	0	0	0	0	0	0	0	0	0	0	0	1	1	0	0
316	beach16.tif	0	0	0	0	0	0	0	0	0	0	0	1	1	0	0	0	0	0	0	0	0	0	0	0	0	0	1	1	0	0
317	beach17.tif	0	0	0	0	0	0	0	0	0	0	0	1	1	0	0	0	0	0	0	0	0	0	0	0	0	0	1	1	0	0
318	beach18.tif	0	0	0	0	0	0	0	0	0	0	0	1	1	0	0	0	0	0	0	0	0	0	0	0	0	0	1	1	0	0
319	beach19.tif	0	0	0	0	0	0	0	0	0	0	0	1	1	0	0	0	0	0	0	0	0	0	0	0	0	0	1	1	0	0
320	beach20.tif	0	0	0	0	0	0	0	0	0	0	0	1	1	0	0	1	0	0	0	0	0	1	0	0	0	0	1	1	1	0
321	beach21.tif	0	0	0	0	0	0	0	0	0	0	0	1	1	0	0	0	0	0	0	0	0	0	0	0	0	0	1	1	0	0
322	beach22.tif	0	0	0	0	0	0	0	0	0	0	0	1	1	0	0	0	0	0	0	0	0	0	0	0	0	0	1	1	0	0
323	beach23.tif	0	0	0	0	0	0	0	0	0	0	0	1	1	0	0	0	0	0	0	0	0	0	0	0	0	0	1	1	0	0
324	beach24.tif	0	0	0	0	0	0	0	0	0	0	0	1	1	0	0	0	0	0	0	0	0	0	0	0	0	0	1	1	0	0
325	beach25.tif	0	0	0	0	0	0	0	0	0	0	0	1	1	0	0	0	0	0	0	0	0	0	0	0	0	0	1	1	0	0
326	beach26.tif	0	0	0	0	0	0	0	0	0	0	0	1	1	0	0	0	0	0	0	0	0	0	0	0	0	0	1	1	0	0
327	beach27.tif	0	0	0	0	0	0	0	0	0	0	0	1	1	0	0	0	0	0	0	0	0	0	0	0	0	0	1	1	0	0
328	beach28.tif	0	0	0	0	0	0	0	0	0	0	1	1	1	0	0	0	0	1	0	0	0	0	0	0	0	1	1	1	0	0
329	beach29.tif	0	0	0	0	0	0	0	0	0	0	0	1	1	0	0	0	0	0	0	0	0	0	0	0	0	0	1	1	0	0
330	beach30.tif	0	0	0	0	0	0	0	0	0	0	0	1	1	0	0	0	0	0	0	0	0	0	0	0	0	0	1	1	0	0
331	beach31.tif	0	0	0	0	0	0	0	0	0	0	0	1	1	0	0	0	0	0	0	0	0	0	0	0	0	0	1	1	0	0
332	beach32.tif	0	0	0	0	0	0	0	0	0	0	0	1	1	0	0	0	0	0	0	0	0	0	0	0	0	0	1	1	0	0
333	beach33.tif	0	0	0	0	0	0	0	0	0	0	0	1	1	0	0	0	0	0	0	0	0	0	0	0	0	0	1	1	0	0
334	beach34.tif	0	0	0	0	0	0	0	0	0	0	0	1	1	0	0	0	0	0	0	0	0	0	0	0	0	0	1	1	0	0
335	beach35.tif	0	0	0	0	0	0	0	0	0	0	0	1	1	0	0	0	0	0	0	0	0	0	0	0	0	0	1	1	0	0
336	beach36.tif	0	0	0	0	0	0	0	0	0	0	0	1	1	0	0	0	0	0	0	0	0	0	0	0	0	0	1	1	0	0
337	beach37.tif	0	0	0	0	0	0	0	0	0	0	0	1	1	0	0	0	0	0	0	0	0	0	0	0	0	0	1	1	0	0
338	beach38.tif	0	0	0	0	0	0	0	0	0	0	0	1	1	0	0	0	0	0	0	0	0	0	0	0	0	0	1	1	0	0
339	beach39.tif	0	0	0	1	0	0	0	0	0	0	0	1	1	0	0	0	0	1	1	0	0	0	0	0	0	0	1	1	0	0
340	beach40.tif	0	0	0	1	0	0	0	0	0	0	0	1	1	0	0	0	0	1	1	0	0	0	0	0	0	0	1	1	0	0
341	beach41.tif	0	0	0	1	0	0	0	0	0	0	1	1	1	0	0	1	0	1	1	0	0	1	0	0	0	1	1	1	1	0
342	beach42.tif	0	0	0	0	0	0	0	0	1	0	1	1	1	0	0	1	0	1	0	0	0	1	1	0	0	1	1	1	1	0
343	beach43.tif	0	0	0	0	0	0	0	0	0	0	0	1	1	0	0	0	0	0	0	0	0	0	0	0	0	0	1	1	0	0
344	beach44.tif	0	0	0	0	0	0	0	0	0	0	0	1	1	0	0	0	0	0	0	0	0	0	0	0	0	0	1	1	0	0
345	beach45.tif	0	0	0	0	0	0	0	0	0	0	0	1	1	0	0	0	0	0	0	0	0	0	0	0	0	0	1	1	0	0
346	beach46.tif	0	0	0	0	0	0	0	0	0	0	0	1	1	0	0	0	0	0	0	0	0	0	0	0	0	0	1	1	0	0
347	beach47.tif	0	0	0	0	0	0	0	0	0	0	0	1	1	0	0	0	0	0	0	0	0	0	0	0	0	0	1	1	0	0
348	beach48.tif	0	0	0	0	0	0	0	0	0	0	0	1	1	0	0	0	0	0	0	0	0	0	0	0	0	0	1	1	0	0
349	beach49.tif	0	0	0	0	0	0	0	0	0	0	0	1	1	0	0	0	0	0	0	0	0	0	0	0	0	0	1	1	0	0
350	beach50.tif	0	0	0	0	0	0	0	0	0	0	0	1	1	0	0	0	0	0	0	0	0	0	0	0	0	0	1	1	0	0
351	beach51.tif	0	0	0	0	0	0	0	0	0	0	0	1	1	0	0	0	0	0	0	0	0	0	0	0	0	0	1	1	0	0
352	beach52.tif	0	0	0	0	0	0	0	0	0	0	0	1	1	0	0	0	0	0	0	0	0	0	0	0	0	0	1	1	0	0
353	beach53.tif	0	0	0	0	0	0	0	0	0	0	0	1	1	0	0	0	0	0	0	0	0	0	0	0	0	0	1	1	0	0
354	beach54.tif	0	0	0	0	0	0	0	0	0	0	0	1	1	0	0	0	0	0	0	0	0	0	0	0	0	0	1	1	0	0
355	beach55.tif	0	0	0	0	0	0	0	0	0	0	0	1	1	0	0	0	0	0	0	0	0	0	0	0	0	0	1	1	0	0
356	beach56.tif	0	0	0	0	0	0	0	0	0	0	0	1	1	0	0	0	0	0	0	0	0	0	0	0	0	0	1	1	0	0
357	beach57.tif	0	0	0	0	0	0	0	0	0	0	0	1	1	0	0	0	0	0	0	0	0	0	0	0	0	0	1	1	0	0
358	beach58.tif	0	0	0	0	0	0	0	0	0	0	0	1	1	0	0	1	0	0	0	0	0	1	0	0	0	0	1	1	1	0
359	beach59.tif	0	0	0	0	0	0	0	0	0	0	0	1	1	0	0	0	0	0	0	0	0	0	0	0	0	0	1	1	0	0
360	beach60.tif	0	0	0	0	0	0	0	0	0	0	0	1	1	0	0	0	0	0	0	0	0	0	0	0	0	0	1	1	0	0
361	beach61.tif	0	0	0	0	0	0	0	0	0	0	0	1	1	0	0	0	0	0	0	0	0	0	0	0	0	0	1	1	0	0
362	beach62.tif	0	0	0	0	0	0	0	0	0	0	0	1	1	0	0	0	0	0	0	0	0	0	0	0	0	0	1	1	0	0
363	beach63.tif	0	0	0	0	0	0	0	0	0	0	0	1	1	0	0	0	0	0	0	0	0	0	0	0	0	0	1	1	0	0
364	beach64.tif	0	0	0	0	0	0	0	0	0	0	0	1	1	0	0	0	0	0	0	0	0	0	0	0	0	0	1	1	0	0
365	beach65.tif	0	0	0	0	0	0	0	0	0	0	0	1	1	0	0	0	0	0	0	0	0	0	0	0	0	0	1	1	0	0
366	beach66.tif	0	0	0	0	0	0	0	0	0	0	0	1	1	0	0	0	0	0	0	0	0	0	0	0	0	0	1	1	0	0
367	beach67.tif	0	0	0	0	0	0	0	0	0	0	0	1	1	0	0	0	0	0	0	0	0	0	0	0	0	0	1	1	0	0
368	beach68.tif	0	0	0	0	0	0	0	0	0	0	0	1	1	0	0	0	0	0	0	0	0	0	0	0	0	0	1	1	0	0
369	beach69.tif	0	0	0	0	0	0	0	0	0	0	0	1	1	0	0	0	0	0	0	0	0	0	0	0	0	0	1	1	0	0
370	beach70.tif	0	0	0	0	0	0	0	0	0	0	0	1	1	0	0	0	0	0	0	0	0	0	0	0	0	0	1	1	0	0
371	beach71.tif	0	0	0	0	0	0	0	0	0	0	0	1	1	0	0	0	0	0	0	0	0	0	0	0	0	0	1	1	0	0
372	beach72.tif	0	0	0	0	0	0	0	0	0	0	0	1	1	0	0	0	0	0	0	0	0	0	0	0	0	0	1	1	0	0
373	beach73.tif	0	0	0	0	0	0	0	0	0	0	0	1	1	0	0	0	0	0	0	0	0	0	0	0	0	0	1	1	0	0
374	beach74.tif	0	0	0	0	0	0	0	0	0	0	0	1	1	0	0	0	0	0	0	0	0	0	0	0	0	0	1	1	0	0
375	beach75.tif	0	0	0	0	0	0	0	0	0	0	0	1	1	0	0	0	0	0	0	0	0	0	0	0	0	0	1	1	0	0
376	beach76.tif	0	0	0	0	0	0	0	0	0	0	0	1	1	0	0	0	0	0	0	0	0	0	0	0	0	0	1	1	0	0
377	beach77.tif	0	0	0	0	0	0	0	0	0	0	0	1	1	0	0	0	0	0	0	0	0	0	0	0	0	0	1	1	0	0
378	beach78.tif	0	0	0	0	0	0	0	0	0	0	0	1	1	0	0	0	0	0	0	0	0	0	0	0	0	0	1	1	0	0
379	beach79.tif	0	0	0	0	0	0	0	0	0	0	0	1	1	0	0	0	0	0	0	0	0	0	0	0	0	0	1	1	0	0
380	beach80.tif	0	0	0	0	0	0	0	0	0	0	0	1	1	0	0	0	0	0	0	0	0	0	0	0	0	0	1	1	0	0
381	beach81.tif	0	0	0	0	0	0	0	0	0	0	0	1	1	0	0	0	0	0	0	0	0	0	0	0	0	0	1	1	0	0
382	beach82.tif	0	0	0	0	0	0	0	0	0	0	0	1	1	0	0	0	0	0	0	0	0	0	0	0	0	0	1	1	0	0
383	beach83.tif	0	0	0	0	0	0	0	0	0	0	0	1	1	0	0	0	0	0	0	0	0	0	0	0	0	0	1	1	0	0
384	beach84.tif	0	0	0	0	0	0	0	0	0	0	0	1	1	0	0	0	0	0	0	0	0	0	0	0	0	0	1	1	0	0
385	beach85.tif	0	0	0	0	0	0	0	0	0	0	0	1	1	0	0	0	0	0	0	0	0	0	0	0	0	0	1	1	0	0
386	beach86.tif	0	0	0	0	0	0	0	0	0	0	0	1	1	0	0	0	0	0	0	0	0	0	0	0	0	0	1	1	0	0
387	beach87.tif	0	0	0	0	0	0	0	0	0	0	0	1	1	0	0	0	0	0	0	0	0	0	0	0	0	0	1	1	0	0
388	beach88.tif	0	0	0	0	0	0	0	0	0	0	0	1	1	0	0	0	0	0	0	0	0	0	0	0	0	0	1	1	0	0
389	beach89.tif	0	0	0	0	0	0	0	0	0	0	0	1	1	0	0	0	0	0	0	0	0	0	0	0	0	0	1	1	0	0
390	beach90.tif	0	0	0	0	0	0	0	0	0	0	0	1	1	0	0	0	0	0	0	0	0	0	0	0	0	0	1	1	0	0
391	beach91.tif	0	0	0	0	0	0	0	0	0	0	0	1	1	0	0	0	0	0	0	0	0	0	0	0	0	0	1	1	0	0
392	beach92.tif	0	0	0	0	0	0	0	0	0	0	0	1	1	0	0	0	0	0	0	0	0	0	0	0	0	0	1	1	0	0
393	beach93.tif	0	0	0	0	0	0	0	0	0	0	0	1	1	0	0	0	0	0	0	0	0	0	0	0	0	0	1	1	0	0
394	beach94.tif	0	0	0	0	0	0	0	0	0	0	0	1	1	0	0	0	0	0	0	0	0	0	0	0	0	0	1	1	0	0
395	beach95.tif	0	0	0	0	0	0	0	0	0	0	0	1	1	0	0	0	0	0	0	0	0	0	0	0	0	0	1	1	0	0
396	beach96.tif	0	0	0	0	0	0	0	0	0	0	0	1	1	0	0	0	0	0	0	0	0	0	0	0	0	0	1	1	0	0
397	beach97.tif	0	0	0	0	0	0	0	0	0	0	0	1	1	0	0	0	0	0	0	0	0	0	0	0	0	0	1	1	0	0
398	beach98.tif	0	0	0	0	0	0	0	0	0	0	0	1	1	0	0	0	0	0	0	0	0	0	0	0	0	0	1	1	0	0
399	beach99.tif	0	0	0	0	0	0	0	0	0	0	0	1	1	0	0	0	0	0	0	0	0	0	0	0	0	0	1	1	0	0
400	buildings00.tif	0	0	1	1	0	0	0	0	0	0	1	0	0	0	0	0	0	1	1	0	1	0	0	0	0	1	0	0	0	0
401	buildings01.tif	0	0	1	0	0	0	0	0	0	0	1	0	0	0	0	0	0	1	0	0	1	0	0	0	0	1	0	0	0	0
402	buildings02.tif	0	0	1	1	0	0	0	0	0	0	1	0	0	0	0	0	0	1	1	0	1	0	0	0	0	1	0	0	0	0
403	buildings03.tif	0	0	1	1	0	0	0	0	0	0	1	0	0	0	0	1	0	1	1	0	1	1	0	0	0	1	0	0	1	0
404	buildings04.tif	0	0	1	0	0	0	0	0	0	0	1	0	0	0	0	0	0	1	0	0	1	0	0	0	0	1	0	0	0	0
405	buildings05.tif	0	0	1	1	0	0	0	0	0	0	1	0	0	0	0	0	0	1	1	0	1	0	0	0	0	1	0	0	0	0
406	buildings06.tif	0	0	1	1	0	0	0	0	0	0	1	0	0	0	0	1	0	1	1	0	1	1	0	0	0	1	0	0	1	0
407	buildings07.tif	0	0	1	0	0	0	0	0	0	0	1	0	0	0	0	0	0	1	0	0	1	0	0	0	0	1	0	0	0	0
408	buildings08.tif	0	0	1	1	0	0	0	0	0	0	1	0	0	0	0	1	0	1	1	0	1	1	0	0	0	1	0	0	1	0
409	buildings09.tif	0	0	1	1	0	0	0	0	0	0	1	0	0	0	0	0	0	1	1	0	1	0	0	0	0	1	0	0	0	0
410	buildings10.tif	0	0	1	1	0	0	0	0	0	0	1	0	0	0	0	0	0	1	1	0	1	0	0	0	0	1	0	0	0	0
411	buildings11.tif	0	0	1	1	0	0	0	0	0	0	1	0	0	0	0	1	0	1	1	0	1	1	0	0	0	1	0	0	1	0
412	buildings12.tif	0	0	1	0	0	0	0	0	0	0	1	0	0	0	0	1	0	1	0	0	1	1	0	0	0	1	0	0	1	0
413	buildings13.tif	0	0	1	1	0	0	0	0	0	0	1	0	0	0	0	1	0	1	1	0	1	1	0	0	0	1	0	0	1	0
414	buildings14.tif	0	0	1	1	0	0	0	0	0	0	1	0	0	0	0	1	0	1	1	0	1	1	0	0	0	1	0	0	1	0
415	buildings15.tif	0	0	1	0	0	0	0	0	0	0	0	0	0	0	0	1	0	1	0	0	1	1	0	0	0	0	0	0	1	0
416	buildings16.tif	0	0	1	0	0	0	0	0	0	0	0	0	0	0	0	1	0	1	0	0	1	1	0	0	0	0	0	0	1	0
417	buildings17.tif	0	0	1	0	0	0	0	0	0	0	1	0	0	0	0	1	0	1	0	0	1	1	0	0	0	1	0	0	1	0
418	buildings18.tif	0	0	1	0	0	0	0	0	0	0	1	0	0	0	0	0	0	1	0	0	1	0	0	0	0	1	0	0	0	0
419	buildings19.tif	0	0	1	0	0	0	0	0	0	0	0	0	0	0	0	1	0	1	0	0	1	1	0	0	0	0	0	0	1	0
420	buildings20.tif	0	0	1	0	0	0	0	0	0	0	0	0	0	0	0	1	0	1	0	0	1	1	0	0	0	0	0	0	1	0
421	buildings21.tif	0	0	1	0	0	0	0	0	0	0	0	0	0	0	0	1	0	1	0	0	1	1	0	0	0	0	0	0	1	0
422	buildings22.tif	0	0	1	0	0	0	0	0	0	0	0	0	0	0	0	1	0	1	0	0	1	1	0	0	0	0	0	0	1	0
423	buildings23.tif	0	0	1	0	0	0	0	0	0	0	0	0	0	0	0	0	0	1	0	0	1	0	0	0	0	0	0	0	0	0
424	buildings24.tif	0	0	1	0	0	0	0	0	0	0	1	0	0	0	0	0	0	1	0	0	1	0	0	0	0	1	0	0	0	0
425	buildings25.tif	0	0	1	0	0	0	0	0	0	0	1	0	0	0	0	0	0	1	0	0	1	0	0	0	0	1	0	0	0	0
426	buildings26.tif	0	0	1	1	0	0	0	0	0	0	1	0	0	0	0	1	0	1	1	0	1	1	0	0	0	1	0	0	1	0
427	buildings27.tif	0	0	1	1	0	0	0	0	0	0	1	0	0	0	0	0	0	1	1	0	1	0	0	0	0	1	0	0	0	0
428	buildings28.tif	0	0	1	1	0	0	0	0	0	0	1	0	0	0	0	0	0	1	1	0	1	0	0	0	0	1	0	0	0	0
429	buildings29.tif	0	0	1	0	0	0	0	0	0	0	1	0	0	0	0	1	0	1	0	0	1	1	0	0	0	1	0	0	1	0
430	buildings30.tif	0	0	1	1	0	0	0	0	1	0	1	0	0	0	0	1	0	1	1	0	1	1	1	0	0	1	0	0	1	0
431	buildings31.tif	0	0	1	1	0	0	0	0	0	0	1	0	0	0	0	1	0	1	1	0	1	1	0	0	0	1	0	0	1	0
432	buildings32.tif	0	0	1	1	0	0	0	0	0	0	1	0	0	0	0	1	0	1	1	0	1	1	0	0	0	1	0	0	1	0
433	buildings33.tif	0	0	1	0	0	0	0	0	0	0	1	0	0	0	0	1	0	1	0	0	1	1	0	0	0	1	0	0	1	0
434	buildings34.tif	0	0	1	0	0	0	0	0	0	0	1	0	0	0	0	1	0	1	0	0	1	1	0	0	0	1	0	0	1	0
435	buildings35.tif	0	0	1	1	0	0	0	0	0	0	1	0	0	0	0	0	0	1	1	0	1	0	0	0	0	1	0	0	0	0
436	buildings36.tif	0	0	1	1	0	0	0	0	0	0	1	0	0	0	0	1	0	1	1	0	1	1	0	0	0	1	0	0	1	0
437	buildings37.tif	0	0	1	1	0	0	0	0	0	0	1	0	0	0	0	1	0	1	1	0	1	1	0	0	0	1	0	0	1	0
438	buildings38.tif	0	0	1	0	0	0	0	0	0	0	1	0	0	0	0	0	0	1	0	0	1	0	0	0	0	1	0	0	0	0
439	buildings39.tif	0	0	1	0	0	0	0	0	1	0	1	0	0	0	0	1	0	1	0	0	1	1	1	0	0	1	0	0	1	0
440	buildings40.tif	0	0	1	0	0	0	0	0	0	0	0	0	0	0	0	1	0	1	0	0	1	1	0	0	0	0	0	0	1	0
441	buildings41.tif	0	1	1	0	0	0	0	0	0	0	0	0	0	0	0	0	0	1	0	1	1	0	0	0	0	0	0	0	0	0
442	buildings42.tif	0	1	1	0	0	0	0	0	0	0	0	0	0	0	0	1	0	1	0	1	1	1	0	0	0	0	0	0	1	0
443	buildings43.tif	0	0	1	1	0	0	0	0	0	0	1	0	0	0	0	1	0	1	1	0	1	1	0	0	0	1	0	0	1	0
444	buildings44.tif	0	0	1	0	0	0	0	0	0	0	1	0	0	0	0	0	0	1	0	0	1	0	0	0	0	1	0	0	0	0
445	buildings45.tif	0	0	1	0	0	0	0	0	0	0	1	0	0	0	0	1	0	1	0	0	1	1	0	0	0	1	0	0	1	0
446	buildings46.tif	0	0	1	0	0	0	0	0	0	0	0	0	0	0	0	1	0	1	0	0	1	1	0	0	0	0	0	0	1	0
447	buildings47.tif	0	0	1	0	0	0	0	0	0	0	0	0	0	0	0	1	0	1	0	0	1	1	0	0	0	0	0	0	1	0
448	buildings48.tif	0	0	1	0	0	0	0	0	0	0	0	0	0	0	0	1	0	1	0	0	1	1	0	0	0	0	0	0	1	0
449	buildings49.tif	0	0	1	0	0	0	0	0	0	0	1	0	0	0	0	1	0	1	0	0	1	1	0	0	0	1	0	0	1	0
450	buildings50.tif	0	0	1	0	0	0	0	0	0	0	1	0	0	0	0	1	0	1	0	0	1	1	0	0	0	1	0	0	1	0
451	buildings51.tif	0	0	1	0	0	0	0	0	1	0	0	0	0	0	0	0	0	1	0	0	1	1	1	0	0	0	0	0	0	0
452	buildings52.tif	0	0	1	0	0	0	0	0	1	0	0	0	0	0	0	0	0	1	0	0	1	1	1	0	0	0	0	0	0	0
453	buildings53.tif	0	0	1	1	0	0	0	0	1	0	1	0	0	0	0	0	0	1	1	0	1	1	1	0	0	1	0	0	0	0
454	buildings54.tif	0	0	1	0	0	0	0	0	0	0	0	0	0	0	0	0	0	1	0	0	1	0	0	0	0	0	0	0	0	0
455	buildings55.tif	0	0	1	0	0	0	0	0	0	0	1	0	0	0	0	1	0	1	0	0	1	1	0	0	0	1	0	0	1	0
456	buildings56.tif	0	0	1	0	0	0	0	0	1	0	0	0	0	0	0	0	0	1	0	0	1	1	1	0	0	0	0	0	0	0
457	buildings57.tif	0	0	1	0	0	0	0	0	1	0	1	0	0	0	0	1	0	1	0	0	1	1	1	0	0	1	0	0	1	0
458	buildings58.tif	0	0	1	1	0	0	0	0	1	0	1	0	0	0	0	1	0	1	1	0	1	1	1	0	0	1	0	0	1	0
459	buildings59.tif	0	0	1	0	0	0	0	0	0	0	1	0	0	0	0	1	0	1	0	0	1	1	0	0	0	1	0	0	1	0
460	buildings60.tif	0	0	1	0	0	0	0	0	1	0	1	0	0	0	0	1	0	1	0	0	1	1	1	0	0	1	0	0	1	0
461	buildings61.tif	0	0	1	1	0	0	0	0	1	0	0	0	0	0	0	0	0	1	1	0	1	1	1	0	0	0	0	0	0	0
462	buildings62.tif	0	0	1	0	0	0	0	0	0	0	1	0	0	0	0	0	0	1	0	0	1	0	0	0	0	1	0	0	0	0
463	buildings63.tif	0	0	1	1	0	0	0	0	1	0	1	0	0	0	0	0	0	1	1	0	1	1	1	0	0	1	0	0	0	0
464	buildings64.tif	0	0	1	0	0	0	0	0	1	0	0	0	0	0	0	0	0	1	0	0	1	1	1	0	0	0	0	0	0	0
465	buildings65.tif	0	0	1	0	0	0	0	0	0	0	0	0	0	0	0	0	0	1	0	0	1	0	0	0	0	0	0	0	0	0
466	buildings66.tif	0	0	1	1	0	0	0	0	0	0	1	0	0	0	0	1	0	1	1	0	1	1	0	0	0	1	0	0	1	0
467	buildings67.tif	0	0	1	0	0	0	0	0	1	0	1	0	0	0	0	1	0	1	0	0	1	1	1	0	0	1	0	0	1	0
468	buildings68.tif	0	0	1	1	0	0	0	0	0	0	1	0	0	0	0	0	0	1	1	0	1	0	0	0	0	1	0	0	0	0
469	buildings69.tif	0	0	1	1	0	0	0	0	0	0	1	0	0	0	0	0	0	1	1	0	1	0	0	0	0	1	0	0	0	0
470	buildings70.tif	0	0	1	1	0	0	0	0	0	0	1	0	0	0	0	1	0	1	1	0	1	1	0	0	0	1	0	0	1	0
471	buildings71.tif	0	0	1	0	0	0	0	0	1	0	0	0	0	0	0	1	0	1	0	0	1	1	1	0	0	0	0	0	1	0
472	buildings72.tif	0	0	1	0	0	0	0	0	1	0	0	0	0	0	0	1	0	1	0	0	1	1	1	0	0	0	0	0	1	0
473	buildings73.tif	0	0	1	1	0	0	0	0	1	0	1	0	0	0	0	1	0	1	1	0	1	1	1	0	0	1	0	0	1	0
474	buildings74.tif	0	0	1	0	0	0	0	0	1	0	1	0	0	0	0	1	0	1	0	0	1	1	1	0	0	1	0	0	1	0
475	buildings75.tif	0	0	1	1	0	0	0	0	0	0	1	0	0	0	0	1	0	1	1	0	1	1	0	0	0	1	0	0	1	0
476	buildings76.tif	0	0	1	1	0	0	0	0	1	0	1	0	0	0	0	1	0	1	1	0	1	1	1	0	0	1	0	0	1	0
477	buildings77.tif	0	0	1	0	0	0	0	0	1	0	0	0	0	0	0	0	0	1	0	0	1	1	1	0	0	0	0	0	0	0
478	buildings78.tif	0	0	1	1	0	0	0	0	0	0	1	0	0	0	0	0	0	1	1	0	1	0	0	0	0	1	0	0	0	0
479	buildings79.tif	0	0	1	1	0	0	0	0	1	0	1	0	0	0	0	1	0	1	1	0	1	1	1	0	0	1	0	0	1	0
480	buildings80.tif	0	0	1	1	0	0	0	0	1	0	1	0	0	0	0	0	0	1	1	0	1	1	1	0	0	1	0	0	0	0
481	buildings81.tif	0	0	1	1	0	0	0	0	0	0	1	0	0	0	0	0	0	1	1	0	1	0	0	0	0	1	0	0	0	0
482	buildings82.tif	0	0	1	0	0	0	0	0	0	0	1	0	0	0	0	0	0	1	0	0	1	0	0	0	0	1	0	0	0	0
483	buildings83.tif	0	0	1	0	0	0	0	0	0	0	1	0	0	0	0	0	0	1	0	0	1	0	0	0	0	1	0	0	0	0
484	buildings84.tif	0	0	1	1	0	0	0	0	1	0	1	0	0	0	0	1	0	1	1	0	1	1	1	0	0	1	0	0	1	0
485	buildings85.tif	0	0	1	0	0	0	0	0	1	0	0	0	0	0	0	0	0	1	0	0	1	1	1	0	0	0	0	0	0	0
486	buildings86.tif	0	1	1	0	0	0	0	0	0	0	0	0	0	0	0	0	0	1	0	1	1	0	0	0	0	0	0	0	0	0
487	buildings87.tif	0	1	1	0	0	0	0	0	0	0	0	0	0	0	0	0	0	1	0	1	1	0	0	0	0	0	0	0	0	0
488	buildings88.tif	0	0	1	1	0	0	0	0	0	0	1	0	0	0	0	0	0	1	1	0	1	0	0	0	0	1	0	0	0	0
489	buildings89.tif	0	0	1	1	0	0	0	0	0	0	1	0	0	0	0	1	0	1	1	0	1	1	0	0	0	1	0	0	1	0
490	buildings90.tif	0	0	1	1	0	0	0	0	0	0	1	0	0	0	0	1	0	1	1	0	1	1	0	0	0	1	0	0	1	0
491	buildings91.tif	0	0	1	1	0	0	0	0	0	0	1	0	0	0	0	1	0	1	1	0	1	1	0	0	0	1	0	0	1	0
492	buildings92.tif	0	0	1	0	0	0	0	0	0	0	0	0	0	0	0	1	0	1	0	0	1	1	0	0	0	0	0	0	1	0
493	buildings93.tif	0	0	1	0	0	0	0	0	1	0	1	0	0	0	0	0	0	1	0	0	1	1	1	0	0	1	0	0	0	0
494	buildings94.tif	0	0	1	1	0	0	0	0	1	0	1	0	0	0	0	0	0	1	1	0	1	1	1	0	0	1	0	0	0	0
495	buildings95.tif	0	1	1	0	0	0	0	0	0	0	1	0	0	0	0	0	0	1	0	1	1	0	0	0	0	1	0	0	0	0
496	buildings96.tif	0	0	1	0	0	0	0	0	0	0	1	0	0	0	0	0	0	1	0	0	1	0	0	0	0	1	0	0	0	0
497	buildings97.tif	0	0	1	0	0	0	0	0	0	0	1	0	0	0	0	1	0	1	0	0	1	1	0	0	0	1	0	0	1	0
498	buildings98.tif	0	0	1	0	0	0	0	0	0	0	0	0	0	0	0	0	0	1	0	0	1	0	0	0	0	0	0	0	0	0
499	buildings99.tif	0	0	1	0	0	0	0	0	0	0	0	0	0	0	0	0	0	1	0	0	1	0	0	0	0	0	0	0	0	0
500	chaparral00.tif	0	1	0	0	1	0	0	0	0	0	0	0	0	0	0	0	0	1	0	1	0	1	1	0	0	0	0	0	0	0
501	chaparral01.tif	0	1	0	0	1	0	0	0	0	0	0	0	0	0	0	0	0	1	0	1	0	1	1	0	0	0	0	0	0	0
502	chaparral02.tif	0	1	0	0	1	0	0	0	0	0	0	0	0	0	0	0	0	1	0	1	0	1	1	0	0	0	0	0	0	0
503	chaparral03.tif	0	1	0	0	1	0	0	0	0	0	0	0	0	0	0	0	0	1	0	1	0	1	1	0	0	0	0	0	0	0
504	chaparral04.tif	0	1	0	0	1	0	0	0	0	0	0	0	0	0	0	0	0	1	0	1	0	1	1	0	0	0	0	0	0	0
505	chaparral05.tif	0	1	0	0	1	0	0	0	0	0	0	0	0	0	0	0	0	1	0	1	0	1	1	0	0	0	0	0	0	0
506	chaparral06.tif	0	1	0	0	1	0	0	0	0	0	0	0	0	0	0	0	0	1	0	1	0	1	1	0	0	0	0	0	0	0
507	chaparral07.tif	0	1	0	0	1	0	0	0	0	0	0	0	0	0	0	0	0	1	0	1	0	1	1	0	0	0	0	0	0	0
508	chaparral08.tif	0	1	0	0	1	0	0	0	0	0	0	0	0	0	0	0	0	1	0	1	0	1	1	0	0	0	0	0	0	0
509	chaparral09.tif	0	1	0	0	1	0	0	0	0	0	0	0	0	0	0	0	0	1	0	1	0	1	1	0	0	0	0	0	0	0
510	chaparral10.tif	0	1	0	0	1	0	0	0	0	0	0	0	0	0	0	0	0	1	0	1	0	1	1	0	0	0	0	0	0	0
511	chaparral11.tif	0	1	0	0	1	0	0	0	0	0	0	0	0	0	0	0	0	1	0	1	0	1	1	0	0	0	0	0	0	0
512	chaparral12.tif	0	1	0	0	1	0	0	0	0	0	0	0	0	0	0	0	0	1	0	1	0	1	1	0	0	0	0	0	0	0
513	chaparral13.tif	0	1	0	0	1	0	0	0	0	0	0	0	0	0	0	0	0	1	0	1	0	1	1	0	0	0	0	0	0	0
514	chaparral14.tif	0	1	0	0	1	0	0	0	0	0	0	0	0	0	0	0	0	1	0	1	0	1	1	0	0	0	0	0	0	0
515	chaparral15.tif	0	1	0	0	1	0	0	0	0	0	0	0	0	0	0	0	0	1	0	1	0	1	1	0	0	0	0	0	0	0
516	chaparral16.tif	0	1	0	0	1	0	0	0	0	0	0	0	0	0	0	0	0	1	0	1	0	1	1	0	0	0	0	0	0	0
517	chaparral17.tif	0	1	0	0	1	0	0	0	0	0	0	0	0	0	0	0	0	1	0	1	0	1	1	0	0	0	0	0	0	0
518	chaparral18.tif	0	1	0	0	1	0	0	0	0	0	0	0	0	0	0	0	0	1	0	1	0	1	1	0	0	0	0	0	0	0
519	chaparral19.tif	0	1	0	0	1	0	0	0	0	0	0	0	0	0	0	0	0	1	0	1	0	1	1	0	0	0	0	0	0	0
520	chaparral20.tif	0	1	0	0	1	0	0	0	0	0	0	0	0	0	0	0	0	1	0	1	0	1	1	0	0	0	0	0	0	0
521	chaparral21.tif	0	1	0	0	1	0	0	0	0	0	0	0	0	0	0	0	0	1	0	1	0	1	1	0	0	0	0	0	0	0
522	chaparral22.tif	0	1	0	0	1	0	0	0	0	0	0	0	0	0	0	0	0	1	0	1	0	1	1	0	0	0	0	0	0	0
523	chaparral23.tif	0	1	0	0	1	0	0	0	0	0	0	0	0	0	0	0	0	1	0	1	0	1	1	0	0	0	0	0	0	0
524	chaparral24.tif	0	1	0	0	1	0	0	0	0	0	0	0	0	0	0	0	0	1	0	1	0	1	1	0	0	0	0	0	0	0
525	chaparral25.tif	0	1	0	0	1	0	0	0	0	0	0	0	0	0	0	0	0	1	0	1	0	1	1	0	0	0	0	0	0	0
526	chaparral26.tif	0	1	0	0	1	0	0	0	0	0	0	0	0	0	0	0	0	1	0	1	0	1	1	0	0	0	0	0	0	0
527	chaparral27.tif	0	1	0	0	1	0	0	0	0	0	0	0	0	0	0	0	0	1	0	1	0	1	1	0	0	0	0	0	0	0
528	chaparral28.tif	0	1	0	0	1	0	0	0	0	0	0	0	0	0	0	0	0	1	0	1	0	1	1	0	0	0	0	0	0	0
529	chaparral29.tif	0	1	0	0	1	0	0	0	0	0	0	0	0	0	0	0	0	1	0	1	0	1	1	0	0	0	0	0	0	0
530	chaparral30.tif	0	1	0	0	1	0	0	0	0	0	0	0	0	0	0	0	0	1	0	1	0	1	1	0	0	0	0	0	0	0
531	chaparral31.tif	0	1	0	0	1	0	0	0	0	0	0	0	0	0	0	0	0	1	0	1	0	1	1	0	0	0	0	0	0	0
532	chaparral32.tif	0	1	0	0	1	0	0	0	0	0	0	0	0	0	0	0	0	1	0	1	0	1	1	0	0	0	0	0	0	0
533	chaparral33.tif	0	1	0	0	1	0	0	0	0	0	0	0	0	0	0	0	0	1	0	1	0	1	1	0	0	0	0	0	0	0
534	chaparral34.tif	0	1	0	0	1	0	0	0	0	0	0	0	0	0	0	0	0	1	0	1	0	1	1	0	0	0	0	0	0	0
535	chaparral35.tif	0	1	0	0	1	0	0	0	0	0	0	0	0	0	0	0	0	1	0	1	0	1	1	0	0	0	0	0	0	0
536	chaparral36.tif	0	1	0	0	1	0	0	0	0	0	0	0	0	0	0	0	0	1	0	1	0	1	1	0	0	0	0	0	0	0
537	chaparral37.tif	0	1	0	0	1	0	0	0	0	0	0	0	0	0	0	0	0	1	0	1	0	1	1	0	0	0	0	0	0	0
538	chaparral38.tif	0	1	0	0	1	0	0	0	0	0	0	0	0	0	0	0	0	1	0	1	0	1	1	0	0	0	0	0	0	0
539	chaparral39.tif	0	1	0	0	1	0	0	0	0	0	0	0	0	0	0	0	0	1	0	1	0	1	1	0	0	0	0	0	0	0
540	chaparral40.tif	0	1	0	0	1	0	0	0	0	0	0	0	0	0	0	0	0	1	0	1	0	1	1	0	0	0	0	0	0	0
541	chaparral41.tif	0	1	0	0	1	0	0	0	0	0	0	0	0	0	0	0	0	1	0	1	0	1	1	0	0	0	0	0	0	0
542	chaparral42.tif	0	1	0	0	1	0	0	0	0	0	0	0	0	0	0	0	0	1	0	1	0	1	1	0	0	0	0	0	0	0
543	chaparral43.tif	0	1	0	0	1	0	0	0	0	0	0	0	0	0	0	0	0	1	0	1	0	1	1	0	0	0	0	0	0	0
544	chaparral44.tif	0	1	0	0	1	0	0	0	0	0	0	0	0	0	0	0	0	1	0	1	0	1	1	0	0	0	0	0	0	0
545	chaparral45.tif	0	1	0	0	1	0	0	0	0	0	0	0	0	0	0	0	0	1	0	1	0	1	1	0	0	0	0	0	0	0
546	chaparral46.tif	0	1	0	0	1	0	0	0	0	0	0	0	0	0	0	0	0	1	0	1	0	1	1	0	0	0	0	0	0	0
547	chaparral47.tif	0	1	0	0	1	0	0	0	0	0	0	0	0	0	0	0	0	1	0	1	0	1	1	0	0	0	0	0	0	0
548	chaparral48.tif	0	1	0	0	1	0	0	0	0	0	0	0	0	0	0	0	0	1	0	1	0	1	1	0	0	0	0	0	0	0
549	chaparral49.tif	0	1	0	0	1	0	0	0	0	0	0	0	0	0	0	0	0	1	0	1	0	1	1	0	0	0	0	0	0	0
550	chaparral50.tif	0	1	0	0	1	0	0	0	0	0	0	0	0	0	0	0	0	1	0	1	0	1	1	0	0	0	0	0	0	0
551	chaparral51.tif	0	1	0	0	1	0	0	0	0	0	0	0	0	0	0	0	0	1	0	1	0	1	1	0	0	0	0	0	0	0
552	chaparral52.tif	0	1	0	0	1	0	0	0	0	0	0	0	0	0	0	0	0	1	0	1	0	1	1	0	0	0	0	0	0	0
553	chaparral53.tif	0	1	0	0	1	0	0	0	0	0	0	0	0	0	0	0	0	1	0	1	0	1	1	0	0	0	0	0	0	0
554	chaparral54.tif	0	1	0	0	1	0	0	0	0	0	0	0	0	0	0	0	0	1	0	1	0	1	1	0	0	0	0	0	0	0
555	chaparral55.tif	0	1	0	0	1	0	0	0	0	0	0	0	0	0	0	0	0	1	0	1	0	1	1	0	0	0	0	0	0	0
556	chaparral56.tif	0	1	0	0	1	0	0	0	0	0	0	0	0	0	0	0	0	1	0	1	0	1	1	0	0	0	0	0	0	0
557	chaparral57.tif	0	1	0	0	1	0	0	0	0	0	0	0	0	0	0	0	0	1	0	1	0	1	1	0	0	0	0	0	0	0
558	chaparral58.tif	0	1	0	0	1	0	0	0	0	0	0	0	0	0	0	0	0	1	0	1	0	1	1	0	0	0	0	0	0	0
559	chaparral59.tif	0	1	0	0	1	0	0	0	0	0	0	0	0	0	0	0	0	1	0	1	0	1	1	0	0	0	0	0	0	0
560	chaparral60.tif	0	1	0	0	0	0	0	0	0	0	0	0	0	0	0	0	0	1	0	1	0	0	0	0	0	0	0	0	0	0
561	chaparral61.tif	0	1	0	0	0	0	0	0	0	0	0	0	0	0	0	0	0	1	0	1	0	0	0	0	0	0	0	0	0	0
562	chaparral62.tif	0	1	0	0	0	0	0	0	0	0	0	0	0	0	0	0	0	1	0	1	0	0	0	0	0	0	0	0	0	0
563	chaparral63.tif	0	1	0	0	0	0	0	0	0	0	0	0	0	0	0	0	0	1	0	1	0	0	0	0	0	0	0	0	0	0
564	chaparral64.tif	0	1	0	0	0	0	0	0	0	0	0	0	0	0	0	0	0	1	0	1	0	0	0	0	0	0	0	0	0	0
565	chaparral65.tif	0	1	0	0	0	0	0	0	0	0	0	0	0	0	0	0	0	1	0	1	0	0	0	0	0	0	0	0	0	0
566	chaparral66.tif	0	1	0	0	0	0	0	0	0	0	0	0	0	0	0	0	0	1	0	1	0	0	0	0	0	0	0	0	0	0
567	chaparral67.tif	0	1	0	0	1	0	0	0	0	0	0	0	0	0	0	0	0	1	0	1	0	1	1	0	0	0	0	0	0	0
568	chaparral68.tif	0	1	0	0	1	0	0	0	0	0	0	0	0	0	0	0	0	1	0	1	0	1	1	0	0	0	0	0	0	0
569	chaparral69.tif	0	1	0	0	1	0	0	0	0	0	0	0	0	0	0	0	0	1	0	1	0	1	1	0	0	0	0	0	0	0
570	chaparral70.tif	0	1	0	0	1	0	0	0	0	0	0	0	0	0	0	0	0	1	0	1	0	1	1	0	0	0	0	0	0	0
571	chaparral71.tif	0	1	0	0	1	0	0	0	0	0	0	0	0	0	0	0	0	1	0	1	0	1	1	0	0	0	0	0	0	0
572	chaparral72.tif	0	1	0	0	1	0	0	0	0	0	0	0	0	0	0	0	0	1	0	1	0	1	1	0	0	0	0	0	0	0
573	chaparral73.tif	0	1	0	0	1	0	0	0	0	0	0	0	0	0	0	0	0	1	0	1	0	1	1	0	0	0	0	0	0	0
574	chaparral74.tif	0	1	0	0	1	0	0	0	0	0	0	0	0	0	0	0	0	1	0	1	0	1	1	0	0	0	0	0	0	0
575	chaparral75.tif	0	1	0	0	1	0	0	0	0	0	0	0	0	0	0	0	0	1	0	1	0	1	1	0	0	0	0	0	0	0
576	chaparral76.tif	0	1	0	0	1	0	0	0	0	0	0	0	0	0	0	0	0	1	0	1	0	1	1	0	0	0	0	0	0	0
577	chaparral77.tif	0	1	0	0	1	0	0	0	0	0	0	0	0	0	0	0	0	1	0	1	0	1	1	0	0	0	0	0	0	0
578	chaparral78.tif	0	1	0	0	1	0	0	0	0	0	0	0	0	0	0	0	0	1	0	1	0	1	1	0	0	0	0	0	0	0
579	chaparral79.tif	0	1	0	0	1	0	0	0	0	0	0	0	0	0	0	0	0	1	0	1	0	1	1	0	0	0	0	0	0	0
580	chaparral80.tif	0	1	0	0	1	0	0	0	0	0	0	0	0	0	0	0	0	1	0	1	0	1	1	0	0	0	0	0	0	0
581	chaparral81.tif	0	1	0	0	1	0	0	0	0	0	0	0	0	0	0	0	0	1	0	1	0	1	1	0	0	0	0	0	0	0
582	chaparral82.tif	0	1	0	0	1	0	0	0	0	0	0	0	0	0	0	0	0	1	0	1	0	1	1	0	0	0	0	0	0	0
583	chaparral83.tif	0	1	0	0	1	0	0	0	0	0	0	0	0	0	0	0	0	1	0	1	0	1	1	0	0	0	0	0	0	0
584	chaparral84.tif	0	1	0	0	1	0	0	0	0	0	0	0	0	0	0	0	0	1	0	1	0	1	1	0	0	0	0	0	0	0
585	chaparral85.tif	0	1	0	0	1	0	0	0	0	0	0	0	0	0	0	0	0	1	0	1	0	1	1	0	0	0	0	0	0	0
586	chaparral86.tif	0	1	0	0	1	0	0	0	0	0	0	0	0	0	0	0	0	1	0	1	0	1	1	0	0	0	0	0	0	0
587	chaparral87.tif	0	1	0	0	1	0	0	0	0	0	0	0	0	0	0	0	0	1	0	1	0	1	1	0	0	0	0	0	0	0
588	chaparral88.tif	0	1	0	0	1	0	0	0	0	0	0	0	0	0	0	0	0	1	0	1	0	1	1	0	0	0	0	0	0	0
589	chaparral89.tif	0	1	0	0	1	0	0	0	0	0	0	0	0	0	0	0	0	1	0	1	0	1	1	0	0	0	0	0	0	0
590	chaparral90.tif	0	1	0	0	1	0	0	0	0	0	0	0	0	0	0	0	0	1	0	1	0	1	1	0	0	0	0	0	0	0
591	chaparral91.tif	0	1	0	0	1	0	0	0	0	0	0	0	0	0	0	0	0	1	0	1	0	1	1	0	0	0	0	0	0	0
592	chaparral92.tif	0	1	0	0	1	0	0	0	0	0	0	0	0	0	0	0	0	1	0	1	0	1	1	0	0	0	0	0	0	0
593	chaparral93.tif	0	1	0	0	1	0	0	0	0	0	0	0	0	0	0	0	0	1	0	1	0	1	1	0	0	0	0	0	0	0
594	chaparral94.tif	0	1	0	0	1	0	0	0	0	0	0	0	0	0	0	0	0	1	0	1	0	1	1	0	0	0	0	0	0	0
595	chaparral95.tif	0	1	0	0	1	0	0	0	0	0	0	0	0	0	0	0	0	1	0	1	0	1	1	0	0	0	0	0	0	0
596	chaparral96.tif	0	1	0	0	1	0	0	0	0	0	0	0	0	0	0	0	0	1	0	1	0	1	1	0	0	0	0	0	0	0
597	chaparral97.tif	0	1	0	0	1	0	0	0	0	0	0	0	0	0	0	0	0	1	0	1	0	1	1	0	0	0	0	0	0	0
598	chaparral98.tif	0	1	0	0	1	0	0	0	0	0	0	0	0	0	0	0	0	1	0	1	0	1	1	0	0	0	0	0	0	0
599	chaparral99.tif	0	1	0	0	1	0	0	0	0	0	0	0	0	0	0	0	0	1	0	1	0	1	1	0	0	0	0	0	0	0
600	denseresidential00.tif	0	1	1	0	0	0	0	0	0	0	1	0	0	0	0	1	0	1	0	1	1	1	0	0	0	1	0	0	1	0
601	denseresidential01.tif	0	0	1	1	0	0	0	0	1	0	1	0	0	0	0	0	0	1	1	0	1	1	1	0	0	1	0	0	0	0
602	denseresidential02.tif	0	0	1	1	0	0	0	0	1	0	1	0	0	0	0	1	0	1	1	0	1	1	1	0	0	1	0	0	1	0
603	denseresidential03.tif	0	0	1	1	0	0	0	0	1	0	1	0	0	0	0	1	0	1	1	0	1	1	1	0	0	1	0	0	1	0
604	denseresidential04.tif	0	0	1	1	0	0	0	0	0	0	1	0	0	0	0	1	0	1	1	0	1	1	0	0	0	1	0	0	1	0
605	denseresidential05.tif	0	0	1	1	0	0	0	0	0	0	1	0	0	0	0	0	0	1	1	0	1	0	0	0	0	1	0	0	0	0
606	denseresidential06.tif	0	0	1	0	0	0	0	0	0	0	1	0	0	0	0	0	0	1	0	0	1	0	0	0	0	1	0	0	0	0
607	denseresidential07.tif	0	0	1	0	0	0	0	0	0	0	1	0	0	0	0	0	0	1	0	0	1	0	0	0	0	1	0	0	0	0
608	denseresidential08.tif	0	1	1	0	0	0	0	0	0	0	1	0	0	0	0	1	0	1	0	1	1	1	0	0	0	1	0	0	1	0
609	denseresidential09.tif	0	1	1	1	0	0	0	0	1	0	1	0	0	0	0	1	0	1	1	1	1	1	1	0	0	1	0	0	1	0
610	denseresidential10.tif	0	1	1	1	0	0	0	0	1	0	1	0	0	0	0	1	0	1	1	1	1	1	1	0	0	1	0	0	1	0
611	denseresidential11.tif	0	0	1	0	0	0	0	0	0	0	1	0	0	0	0	1	0	1	0	0	1	1	0	0	0	1	0	0	1	0
612	denseresidential12.tif	0	0	1	1	0	0	0	0	0	0	1	0	0	0	0	1	0	1	1	0	1	1	0	0	0	1	0	0	1	0
613	denseresidential13.tif	0	0	1	1	0	0	0	0	0	0	1	0	0	0	0	1	0	1	1	0	1	1	0	0	0	1	0	0	1	0
614	denseresidential14.tif	0	1	1	1	0	0	0	0	0	0	1	0	0	0	0	1	0	1	1	1	1	1	0	0	0	1	0	0	1	0
615	denseresidential15.tif	0	1	1	1	0	0	0	0	0	0	1	0	0	0	0	0	0	1	1	1	1	0	0	0	0	1	0	0	0	0
616	denseresidential16.tif	0	0	1	0	0	0	0	0	0	0	0	0	0	0	0	1	0	1	0	0	1	1	0	0	0	0	0	0	1	0
617	denseresidential17.tif	0	0	1	0	0	0	0	0	0	0	1	0	0	0	0	1	0	1	0	0	1	1	0	0	0	1	0	0	1	0
618	denseresidential18.tif	0	1	1	1	0	0	0	0	0	0	1	0	0	0	0	1	0	1	1	1	1	1	0	0	0	1	0	0	1	0
619	denseresidential19.tif	0	0	1	0	0	0	0	0	0	0	0	0	0	0	0	1	0	1	0	0	1	1	0	0	0	0	0	0	1	0
620	denseresidential20.tif	0	0	1	0	0	0	0	0	1	0	1	0	0	0	0	1	0	1	0	0	1	1	1	0	0	1	0	0	1	0
621	denseresidential21.tif	0	0	1	0	0	0	0	0	1	0	0	0	0	0	0	1	0	1	0	0	1	1	1	0	0	0	0	0	1	0
622	denseresidential22.tif	0	0	1	0	0	0	0	0	1	0	0	0	0	0	0	1	0	1	0	0	1	1	1	0	0	0	0	0	1	0
623	denseresidential23.tif	0	0	1	0	0	0	0	0	1	0	1	0	0	0	0	1	0	1	0	0	1	1	1	0	0	1	0	0	1	0
624	denseresidential24.tif	0	0	1	0	0	0	0	0	1	0	1	0	0	0	0	1	0	1	0	0	1	1	1	0	0	1	0	0	1	0
625	denseresidential25.tif	0	0	1	0	0	0	0	0	1	0	0	0	0	0	0	1	0	1	0	0	1	1	1	0	0	0	0	0	1	0
626	denseresidential26.tif	0	1	1	1	0	0	0	0	0	0	1	0	0	0	0	0	0	1	1	1	1	0	0	0	0	1	0	0	0	0
627	denseresidential27.tif	0	1	1	1	0	0	0	0	0	0	1	0	0	0	0	1	0	1	1	1	1	1	0	0	0	1	0	0	1	0
628	denseresidential28.tif	0	1	1	1	0	0	0	0	0	0	1	0	0	0	0	1	0	1	1	1	1	1	0	0	0	1	0	0	1	0
629	denseresidential29.tif	0	1	1	1	0	0	0	0	0	0	1	0	0	0	0	1	0	1	1	1	1	1	0	0	0	1	0	0	1	0
630	denseresidential30.tif	0	0	1	1	0	0	0	0	1	0	1	0	0	0	0	1	0	1	1	0	1	1	1	0	0	1	0	0	1	0
631	denseresidential31.tif	0	1	1	0	0	0	0	0	1	0	1	0	0	0	0	1	0	1	0	1	1	1	1	0	0	1	0	0	1	0
632	denseresidential32.tif	0	0	1	1	0	0	0	0	1	0	1	0	0	0	0	1	0	1	1	0	1	1	1	0	0	1	0	0	1	0
633	denseresidential33.tif	0	1	1	1	0	0	0	0	0	0	1	0	0	0	0	1	0	1	1	1	1	1	0	0	0	1	0	0	1	0
634	denseresidential34.tif	0	1	1	1	0	0	0	0	0	0	1	0	0	0	0	1	0	1	1	1	1	1	0	0	0	1	0	0	1	0
635	denseresidential35.tif	0	1	1	1	0	0	0	0	0	0	1	0	0	0	0	1	0	1	1	1	1	1	0	0	0	1	0	0	1	0
636	denseresidential36.tif	0	1	1	1	0	0	0	0	0	0	1	0	0	0	0	1	0	1	1	1	1	1	0	0	0	1	0	0	1	0
637	denseresidential37.tif	0	1	1	0	0	0	0	0	0	0	1	0	0	0	0	1	0	1	0	1	1	1	0	0	0	1	0	0	1	0
638	denseresidential38.tif	0	1	1	0	0	0	0	0	0	0	0	0	0	0	0	1	0	1	0	1	1	1	0	0	0	0	0	0	1	0
639	denseresidential39.tif	0	1	1	1	0	0	0	0	0	0	1	0	0	0	0	0	0	1	1	1	1	0	0	0	0	1	0	0	0	0
640	denseresidential40.tif	0	0	1	1	0	0	0	0	0	0	1	0	0	0	0	0	0	1	1	0	1	0	0	0	0	1	0	0	0	0
641	denseresidential41.tif	0	0	1	1	0	0	0	0	1	0	1	0	0	0	0	1	0	1	1	0	1	1	1	0	0	1	0	0	1	0
642	denseresidential42.tif	0	0	1	1	0	0	0	0	0	0	1	0	0	0	0	1	0	1	1	0	1	1	0	0	0	1	0	0	1	0
643	denseresidential43.tif	0	0	1	1	0	0	0	0	1	0	1	0	0	0	0	1	0	1	1	0	1	1	1	0	0	1	0	0	1	0
644	denseresidential44.tif	0	0	1	0	0	0	0	0	1	0	1	0	0	0	0	1	0	1	0	0	1	1	1	0	0	1	0	0	1	0
645	denseresidential45.tif	0	0	1	0	0	0	0	0	0	0	1	0	0	0	0	1	0	1	0	0	1	1	0	0	0	1	0	0	1	0
646	denseresidential46.tif	0	0	1	1	0	0	0	0	0	0	1	0	0	0	0	1	0	1	1	0	1	1	0	0	0	1	0	0	1	0
647	denseresidential47.tif	0	0	1	1	0	0	0	0	0	0	1	0	0	0	0	0	0	1	1	0	1	0	0	0	0	1	0	0	0	0
648	denseresidential48.tif	0	0	1	1	0	0	0	0	0	0	1	0	0	0	0	1	0	1	1	0	1	1	0	0	0	1	0	0	1	0
649	denseresidential49.tif	0	0	1	1	0	0	0	0	0	0	1	0	0	0	0	1	0	1	1	0	1	1	0	0	0	1	0	0	1	0
650	denseresidential50.tif	0	0	1	0	0	0	0	0	1	0	1	0	0	0	0	0	0	1	0	0	1	1	1	0	0	1	0	0	0	0
651	denseresidential51.tif	0	0	1	1	0	0	0	0	1	0	1	0	0	0	0	1	0	1	1	0	1	1	1	0	0	1	0	0	1	0
652	denseresidential52.tif	0	0	1	0	0	0	0	0	1	0	1	0	0	0	0	0	0	1	0	0	1	1	1	0	0	1	0	0	0	0
653	denseresidential53.tif	0	0	1	1	0	0	0	0	1	0	1	0	0	0	0	1	0	1	1	0	1	1	1	0	0	1	0	0	1	0
654	denseresidential54.tif	0	0	1	1	0	0	0	0	0	0	1	0	0	0	0	1	0	1	1	0	1	1	0	0	0	1	0	0	1	0
655	denseresidential55.tif	0	0	1	1	0	0	0	0	1	0	1	0	0	0	0	1	0	1	1	0	1	1	1	0	0	1	0	0	1	0
656	denseresidential56.tif	0	0	1	1	0	0	0	0	1	0	1	0	0	0	0	1	0	1	1	0	1	1	1	0	0	1	0	0	1	0
657	denseresidential57.tif	0	0	1	1	0	0	0	0	1	0	1	0	0	0	0	1	0	1	1	0	1	1	1	0	0	1	0	0	1	0
658	denseresidential58.tif	0	0	1	1	0	0	0	0	1	0	1	0	0	0	0	0	0	1	1	0	1	1	1	0	0	1	0	0	0	0
659	denseresidential59.tif	0	0	1	1	0	0	0	0	1	0	1	0	0	0	0	1	0	1	1	0	1	1	1	0	0	1	0	0	1	0
660	denseresidential60.tif	0	0	1	0	0	0	0	0	0	0	1	0	0	0	0	1	0	1	0	0	1	1	0	0	0	1	0	0	1	0
661	denseresidential61.tif	0	0	1	1	0	0	0	0	1	0	1	0	0	0	0	1	0	1	1	0	1	1	1	0	0	1	0	0	1	0
662	denseresidential62.tif	0	0	1	0	0	0	0	0	1	0	1	0	0	0	0	1	0	1	0	0	1	1	1	0	0	1	0	0	1	0
663	denseresidential63.tif	0	0	1	0	0	0	0	0	1	0	1	0	0	0	0	0	0	1	0	0	1	1	1	0	0	1	0	0	0	0
664	denseresidential64.tif	0	0	1	0	0	0	0	0	1	0	1	0	0	0	0	0	0	1	0	0	1	1	1	0	0	1	0	0	0	0
665	denseresidential65.tif	0	0	1	1	0	0	0	0	0	0	1	0	0	0	0	1	0	1	1	0	1	1	0	0	0	1	0	0	1	0
666	denseresidential66.tif	0	0	1	1	0	0	0	0	1	0	0	0	0	0	0	1	0	1	1	0	1	1	1	0	0	0	0	0	1	0
667	denseresidential67.tif	0	0	1	0	0	0	0	0	0	0	0	0	0	0	0	1	0	1	0	0	1	1	0	0	0	0	0	0	1	0
668	denseresidential68.tif	0	0	1	1	0	0	0	0	1	0	1	0	0	0	0	1	0	1	1	0	1	1	1	0	0	1	0	0	1	0
669	denseresidential69.tif	0	0	1	0	0	0	0	0	1	0	0	0	0	0	0	1	0	1	0	0	1	1	1	0	0	0	0	0	1	0
670	denseresidential70.tif	0	0	1	0	0	0	0	0	1	0	1	0	0	0	0	1	0	1	0	0	1	1	1	0	0	1	0	0	1	0
671	denseresidential71.tif	0	0	1	1	0	0	0	0	1	0	1	0	0	0	0	1	0	1	1	0	1	1	1	0	0	1	0	0	1	0
672	denseresidential72.tif	0	0	1	1	0	0	0	0	1	0	1	0	0	0	0	0	0	1	1	0	1	1	1	0	0	1	0	0	0	0
673	denseresidential73.tif	0	0	1	0	0	0	0	0	0	0	1	0	0	0	0	1	0	1	0	0	1	1	0	0	0	1	0	0	1	0
674	denseresidential74.tif	0	0	1	1	0	0	0	0	1	0	1	0	0	0	0	0	0	1	1	0	1	1	1	0	0	1	0	0	0	0
675	denseresidential75.tif	0	0	1	0	0	0	0	0	1	0	1	0	0	0	0	0	0	1	0	0	1	1	1	0	0	1	0	0	0	0
676	denseresidential76.tif	0	0	1	1	0	0	0	0	1	0	1	0	0	0	0	0	0	1	1	0	1	1	1	0	0	1	0	0	0	0
677	denseresidential77.tif	0	0	1	0	0	0	0	0	1	0	1	0	0	0	0	0	0	1	0	0	1	1	1	0	0	1	0	0	0	0
678	denseresidential78.tif	0	0	1	1	0	0	0	0	1	0	1	0	0	0	0	0	0	1	1	0	1	1	1	0	0	1	0	0	0	0
679	denseresidential79.tif	0	1	1	1	0	0	0	0	1	0	1	0	0	0	0	0	0	1	1	1	1	1	1	0	0	1	0	0	0	0
680	denseresidential80.tif	0	0	1	0	0	0	0	0	1	0	1	0	0	0	0	1	0	1	0	0	1	1	1	0	0	1	0	0	1	0
681	denseresidential81.tif	0	0	1	1	0	0	0	0	1	0	1	0	0	0	0	1	0	1	1	0	1	1	1	0	0	1	0	0	1	0
682	denseresidential82.tif	0	0	1	1	0	0	0	0	1	0	1	0	0	0	0	1	0	1	1	0	1	1	1	0	0	1	0	0	1	0
683	denseresidential83.tif	0	0	1	1	0	0	0	0	1	0	1	0	0	0	0	1	0	1	1	0	1	1	1	0	0	1	0	0	1	0
684	denseresidential84.tif	0	1	1	1	0	0	0	0	1	0	0	0	0	0	0	0	0	1	1	1	1	1	1	0	0	0	0	0	0	0
685	denseresidential85.tif	0	0	1	1	0	0	0	0	0	0	1	0	0	0	0	1	0	1	1	0	1	1	0	0	0	1	0	0	1	0
686	denseresidential86.tif	0	0	1	1	0	0	0	0	1	0	1	0	0	0	0	1	0	1	1	0	1	1	1	0	0	1	0	0	1	0
687	denseresidential87.tif	0	1	1	1	0	0	0	0	1	0	1	0	0	0	0	1	0	1	1	1	1	1	1	0	0	1	0	0	1	0
688	denseresidential88.tif	0	1	1	1	0	0	0	0	0	0	1	0	0	0	0	1	0	1	1	1	1	1	0	0	0	1	0	0	1	0
689	denseresidential89.tif	0	1	1	1	0	0	0	0	0	0	1	0	0	0	0	1	0	1	1	1	1	1	0	0	0	1	0	0	1	0
690	denseresidential90.tif	0	0	1	1	0	0	0	0	0	0	1	0	0	0	0	1	0	1	1	0	1	1	0	0	0	1	0	0	1	0
691	denseresidential91.tif	0	1	1	1	0	0	0	0	0	0	1	0	0	0	0	0	0	1	1	1	1	0	0	0	0	1	0	0	0	0
692	denseresidential92.tif	0	1	1	1	0	0	0	0	0	0	1	0	0	0	0	1	0	1	1	1	1	1	0	0	0	1	0	0	1	0
693	denseresidential93.tif	0	1	1	1	0	0	0	0	0	0	1	0	0	0	0	1	0	1	1	1	1	1	0	0	0	1	0	0	1	0
694	denseresidential94.tif	0	1	1	1	0	0	0	0	0	0	1	0	0	0	0	1	0	1	1	1	1	1	0	0	0	1	0	0	1	0
695	denseresidential95.tif	0	1	1	1	0	0	0	0	0	0	1	0	0	0	0	1	0	1	1	1	1	1	0	0	0	1	0	0	1	0
696	denseresidential96.tif	0	1	1	1	0	0	0	0	0	0	1	0	0	0	0	1	0	1	1	1	1	1	0	0	0	1	0	0	1	0
697	denseresidential97.tif	0	1	1	1	0	0	0	0	1	0	0	0	0	0	0	1	0	1	1	1	1	1	1	0	0	0	0	0	1	0
698	denseresidential98.tif	0	0	1	1	0	0	0	0	1	0	1	0	0	0	0	1	0	1	1	0	1	1	1	0	0	1	0	0	1	0
699	denseresidential99.tif	0	0	1	0	0	0	0	0	1	0	1	0	0	0	0	1	0	1	0	0	1	1	1	0	0	1	0	0	1	0
700	forest00.tif	0	0	0	0	0	0	0	0	0	0	0	0	0	0	0	1	0	0	0	0	0	1	0	0	0	0	0	0	1	0
701	forest01.tif	0	0	0	0	0	0	0	0	0	0	0	0	0	0	0	1	0	0	0	0	0	1	0	0	0	0	0	0	1	0
702	forest02.tif	0	0	0	0	0	0	0	0	0	0	0	0	0	0	0	1	0	0	0	0	0	1	0	0	0	0	0	0	1	0
703	forest03.tif	0	0	0	0	0	0	0	0	0	0	0	0	0	0	0	1	0	0	0	0	0	1	0	0	0	0	0	0	1	0
704	forest04.tif	0	0	0	0	0	0	0	0	0	0	0	0	0	0	0	1	0	0	0	0	0	1	0	0	0	0	0	0	1	0
705	forest05.tif	0	0	0	0	0	0	0	0	0	0	0	0	0	0	0	1	0	0	0	0	0	1	0	0	0	0	0	0	1	0
706	forest06.tif	0	0	0	0	0	0	0	0	0	0	0	0	0	0	0	1	0	0	0	0	0	1	0	0	0	0	0	0	1	0
707	forest07.tif	0	0	0	0	0	0	0	0	0	0	0	0	0	0	0	1	0	0	0	0	0	1	0	0	0	0	0	0	1	0
708	forest08.tif	0	0	1	0	0	0	0	0	1	0	0	0	0	0	0	1	0	1	0	0	1	1	1	0	0	0	0	0	1	0
709	forest09.tif	0	0	0	0	0	0	0	0	0	0	0	0	0	0	0	1	0	0	0	0	0	1	0	0	0	0	0	0	1	0
710	forest10.tif	0	0	0	0	0	0	0	0	0	0	0	0	0	0	0	1	0	0	0	0	0	1	0	0	0	0	0	0	1	0
711	forest11.tif	0	0	0	0	0	0	0	0	0	0	0	0	0	0	0	1	0	0	0	0	0	1	0	0	0	0	0	0	1	0
712	forest12.tif	0	0	0	0	0	0	0	0	0	0	0	0	0	0	0	1	0	0	0	0	0	1	0	0	0	0	0	0	1	0
713	forest13.tif	0	0	0	0	0	0	0	0	0	0	0	0	0	0	0	1	0	0	0	0	0	1	0	0	0	0	0	0	1	0
714	forest14.tif	0	0	0	0	0	0	0	0	0	0	0	0	0	0	0	1	0	0	0	0	0	1	0	0	0	0	0	0	1	0
715	forest15.tif	0	0	0	0	0	0	0	0	0	0	0	0	0	0	0	1	0	0	0	0	0	1	0	0	0	0	0	0	1	0
716	forest16.tif	0	0	0	0	0	0	0	0	0	0	0	0	0	0	0	1	0	0	0	0	0	1	0	0	0	0	0	0	1	0
717	forest17.tif	0	0	0	0	0	0	0	0	0	0	0	0	0	0	0	1	0	0	0	0	0	1	0	0	0	0	0	0	1	0
718	forest18.tif	0	0	0	0	0	0	0	0	0	0	0	0	0	0	0	1	0	0	0	0	0	1	0	0	0	0	0	0	1	0
719	forest19.tif	0	0	0	0	0	0	0	0	0	0	0	0	0	0	0	1	0	0	0	0	0	1	0	0	0	0	0	0	1	0
720	forest20.tif	0	0	0	0	0	0	0	0	0	0	0	0	0	0	0	1	0	0	0	0	0	1	0	0	0	0	0	0	1	0
721	forest21.tif	0	0	0	0	0	0	0	0	0	0	0	0	0	0	0	1	0	0	0	0	0	1	0	0	0	0	0	0	1	0
722	forest22.tif	0	0	0	0	0	0	0	0	0	0	0	0	0	0	0	1	0	0	0	0	0	1	0	0	0	0	0	0	1	0
723	forest23.tif	0	0	0	0	0	0	0	0	0	0	0	0	0	0	0	1	0	0	0	0	0	1	0	0	0	0	0	0	1	0
724	forest24.tif	0	0	0	0	0	0	0	0	0	0	0	0	0	0	0	1	0	0	0	0	0	1	0	0	0	0	0	0	1	0
725	forest25.tif	0	0	0	0	0	0	0	0	0	0	0	0	0	0	0	1	0	0	0	0	0	1	0	0	0	0	0	0	1	0
726	forest26.tif	0	0	0	0	0	0	0	0	0	0	0	0	0	0	0	1	0	0	0	0	0	1	0	0	0	0	0	0	1	0
727	forest27.tif	0	0	0	0	0	0	0	0	0	0	0	0	0	0	0	1	0	0	0	0	0	1	0	0	0	0	0	0	1	0
728	forest28.tif	0	0	0	0	0	0	0	0	0	0	0	0	0	0	0	1	0	0	0	0	0	1	0	0	0	0	0	0	1	0
729	forest29.tif	0	0	0	0	0	0	0	0	0	0	0	0	0	0	0	1	0	0	0	0	0	1	0	0	0	0	0	0	1	0
730	forest30.tif	0	0	0	0	0	0	0	0	0	0	0	0	0	0	0	1	0	0	0	0	0	1	0	0	0	0	0	0	1	0
731	forest31.tif	0	0	0	0	0	0	0	0	0	0	0	0	0	0	0	1	0	0	0	0	0	1	0	0	0	0	0	0	1	0
732	forest32.tif	0	0	0	0	0	0	0	0	0	0	0	0	0	0	0	1	0	0	0	0	0	1	0	0	0	0	0	0	1	0
733	forest33.tif	0	0	0	0	0	0	0	0	0	0	0	0	0	0	0	1	0	0	0	0	0	1	0	0	0	0	0	0	1	0
734	forest34.tif	0	0	0	0	0	0	0	0	0	0	0	0	0	0	0	1	0	0	0	0	0	1	0	0	0	0	0	0	1	0
735	forest35.tif	0	0	0	0	0	0	0	0	0	0	0	0	0	0	0	1	0	0	0	0	0	1	0	0	0	0	0	0	1	0
736	forest36.tif	0	0	0	0	0	0	0	0	0	0	0	0	0	0	0	1	0	0	0	0	0	1	0	0	0	0	0	0	1	0
737	forest37.tif	0	0	0	0	0	0	0	0	0	0	0	0	0	0	0	1	0	0	0	0	0	1	0	0	0	0	0	0	1	0
738	forest38.tif	0	0	0	0	0	0	0	0	0	0	0	0	0	0	0	1	0	0	0	0	0	1	0	0	0	0	0	0	1	0
739	forest39.tif	0	0	0	0	0	0	0	0	0	0	0	0	0	0	0	1	0	0	0	0	0	1	0	0	0	0	0	0	1	0
740	forest40.tif	0	0	0	0	0	0	0	0	0	0	0	0	0	0	0	1	0	0	0	0	0	1	0	0	0	0	0	0	1	0
741	forest41.tif	0	0	0	0	0	0	0	0	0	0	0	0	0	0	0	1	0	0	0	0	0	1	0	0	0	0	0	0	1	0
742	forest42.tif	0	0	0	0	0	0	0	0	0	0	0	0	0	0	0	1	0	0	0	0	0	1	0	0	0	0	0	0	1	0
743	forest43.tif	0	0	0	0	0	0	0	0	0	0	0	0	0	0	0	1	0	0	0	0	0	1	0	0	0	0	0	0	1	0
744	forest44.tif	0	0	0	0	0	0	0	0	0	0	0	0	0	0	0	1	0	0	0	0	0	1	0	0	0	0	0	0	1	0
745	forest45.tif	0	0	0	0	0	0	0	0	0	0	0	0	0	0	0	1	0	0	0	0	0	1	0	0	0	0	0	0	1	0
746	forest46.tif	0	0	0	0	0	0	0	0	0	0	0	0	0	0	0	1	0	0	0	0	0	1	0	0	0	0	0	0	1	0
747	forest47.tif	0	0	0	0	0	0	0	0	0	0	0	0	0	0	0	1	0	0	0	0	0	1	0	0	0	0	0	0	1	0
748	forest48.tif	0	0	0	0	0	0	0	0	0	0	0	0	0	0	0	1	0	0	0	0	0	1	0	0	0	0	0	0	1	0
749	forest49.tif	0	0	0	0	0	0	0	0	0	0	0	0	0	0	0	1	0	0	0	0	0	1	0	0	0	0	0	0	1	0
750	forest50.tif	0	0	0	0	0	0	0	0	0	0	0	0	0	0	0	1	0	0	0	0	0	1	0	0	0	0	0	0	1	0
751	forest51.tif	0	0	0	0	0	0	0	0	0	0	0	0	0	0	0	1	0	0	0	0	0	1	0	0	0	0	0	0	1	0
752	forest52.tif	0	0	0	0	0	0	0	0	0	0	0	0	0	0	0	1	0	0	0	0	0	1	0	0	0	0	0	0	1	0
753	forest53.tif	0	0	0	0	0	0	0	0	0	0	0	0	0	0	0	1	0	0	0	0	0	1	0	0	0	0	0	0	1	0
754	forest54.tif	0	0	0	0	0	0	0	0	0	0	0	0	0	0	0	1	0	0	0	0	0	1	0	0	0	0	0	0	1	0
755	forest55.tif	0	0	0	0	0	0	0	0	0	0	0	0	0	0	0	1	0	0	0	0	0	1	0	0	0	0	0	0	1	0
756	forest56.tif	0	0	0	0	0	0	0	0	0	0	0	0	0	0	0	1	0	0	0	0	0	1	0	0	0	0	0	0	1	0
757	forest57.tif	0	0	0	0	0	0	0	0	0	0	0	0	0	0	0	1	0	0	0	0	0	1	0	0	0	0	0	0	1	0
758	forest58.tif	0	0	0	0	0	0	0	0	0	0	0	0	0	0	0	1	0	0	0	0	0	1	0	0	0	0	0	0	1	0
759	forest59.tif	0	0	0	0	0	0	0	0	0	0	0	0	0	0	0	1	0	0	0	0	0	1	0	0	0	0	0	0	1	0
760	forest60.tif	0	0	0	0	0	0	0	0	0	0	0	0	0	0	0	1	0	0	0	0	0	1	0	0	0	0	0	0	1	0
761	forest61.tif	0	0	0	0	0	0	0	0	0	0	0	0	0	0	0	1	0	0	0	0	0	1	0	0	0	0	0	0	1	0
762	forest62.tif	0	0	0	0	0	0	0	0	0	0	0	0	0	0	0	1	0	0	0	0	0	1	0	0	0	0	0	0	1	0
763	forest63.tif	0	0	0	0	0	0	0	0	0	0	0	0	0	0	0	1	0	0	0	0	0	1	0	0	0	0	0	0	1	0
764	forest64.tif	0	0	0	0	0	0	0	0	0	0	0	0	0	0	0	1	0	0	0	0	0	1	0	0	0	0	0	0	1	0
765	forest65.tif	0	0	0	0	0	0	0	0	0	0	0	0	0	0	0	1	0	0	0	0	0	1	0	0	0	0	0	0	1	0
766	forest66.tif	0	0	0	0	0	0	0	0	0	0	0	0	0	0	0	1	0	0	0	0	0	1	0	0	0	0	0	0	1	0
767	forest67.tif	0	0	0	0	0	0	0	0	0	0	0	0	0	0	0	1	0	0	0	0	0	1	0	0	0	0	0	0	1	0
768	forest68.tif	0	0	0	0	0	0	0	0	0	0	0	0	0	0	0	1	0	0	0	0	0	1	0	0	0	0	0	0	1	0
769	forest69.tif	0	0	0	0	0	0	0	0	0	0	0	0	0	0	0	1	0	0	0	0	0	1	0	0	0	0	0	0	1	0
770	forest70.tif	0	0	0	0	0	0	0	0	0	0	0	0	0	0	0	1	0	0	0	0	0	1	0	0	0	0	0	0	1	0
771	forest71.tif	0	0	0	0	0	0	0	0	0	0	0	0	0	0	0	1	0	0	0	0	0	1	0	0	0	0	0	0	1	0
772	forest72.tif	0	0	0	0	0	0	0	0	0	0	0	0	0	0	0	1	0	0	0	0	0	1	0	0	0	0	0	0	1	0
773	forest73.tif	0	0	0	0	0	0	0	0	0	0	0	0	0	0	0	1	0	0	0	0	0	1	0	0	0	0	0	0	1	0
774	forest74.tif	0	0	0	0	0	0	0	0	0	0	0	0	0	0	0	1	0	0	0	0	0	1	0	0	0	0	0	0	1	0
775	forest75.tif	0	0	0	0	0	0	0	0	0	0	0	0	0	0	0	1	0	0	0	0	0	1	0	0	0	0	0	0	1	0
776	forest76.tif	0	0	0	0	0	0	0	0	0	0	0	0	0	0	0	1	0	0	0	0	0	1	0	0	0	0	0	0	1	0
777	forest77.tif	0	0	0	0	0	0	0	0	0	0	0	0	0	0	0	1	0	0	0	0	0	1	0	0	0	0	0	0	1	0
778	forest78.tif	0	0	0	0	0	0	0	0	0	0	0	0	0	0	0	1	0	0	0	0	0	1	0	0	0	0	0	0	1	0
779	forest79.tif	0	0	0	0	0	0	0	0	0	0	0	0	0	0	0	1	0	0	0	0	0	1	0	0	0	0	0	0	1	0
780	forest80.tif	0	0	0	0	0	0	0	0	0	0	0	0	0	0	0	1	0	0	0	0	0	1	0	0	0	0	0	0	1	0
781	forest81.tif	0	0	0	0	0	0	0	0	0	0	0	0	0	0	0	1	0	0	0	0	0	1	0	0	0	0	0	0	1	0
782	forest82.tif	0	0	0	0	0	0	0	0	0	0	0	0	0	0	0	1	0	0	0	0	0	1	0	0	0	0	0	0	1	0
783	forest83.tif	0	0	0	0	0	0	0	0	0	0	0	0	0	0	0	1	0	0	0	0	0	1	0	0	0	0	0	0	1	0
784	forest84.tif	0	0	0	0	0	0	0	0	0	0	0	0	0	0	0	1	0	0	0	0	0	1	0	0	0	0	0	0	1	0
785	forest85.tif	0	0	0	0	0	0	0	0	0	0	0	0	0	0	0	1	0	0	0	0	0	1	0	0	0	0	0	0	1	0
786	forest86.tif	0	0	0	0	0	0	0	0	0	0	0	0	0	0	0	1	0	0	0	0	0	1	0	0	0	0	0	0	1	0
787	forest87.tif	0	0	0	0	0	0	0	0	0	0	0	0	0	0	0	1	0	0	0	0	0	1	0	0	0	0	0	0	1	0
788	forest88.tif	0	0	0	0	0	0	0	0	0	0	0	0	0	0	0	1	0	0	0	0	0	1	0	0	0	0	0	0	1	0
789	forest89.tif	0	0	0	0	0	0	0	0	0	0	0	0	0	0	0	1	0	0	0	0	0	1	0	0	0	0	0	0	1	0
790	forest90.tif	0	0	0	0	0	0	0	0	0	0	0	0	0	0	0	1	0	0	0	0	0	1	0	0	0	0	0	0	1	0
791	forest91.tif	0	0	0	0	0	0	0	0	0	0	0	0	0	0	0	1	0	0	0	0	0	1	0	0	0	0	0	0	1	0
792	forest92.tif	0	0	0	0	0	0	0	0	0	0	0	0	0	0	0	1	0	0	0	0	0	1	0	0	0	0	0	0	1	0
793	forest93.tif	0	0	0	0	0	0	0	0	0	0	0	0	0	0	0	1	0	0	0	0	0	1	0	0	0	0	0	0	1	0
794	forest94.tif	0	0	0	0	0	0	0	0	0	0	0	0	0	0	0	1	0	0	0	0	0	1	0	0	0	0	0	0	1	0
795	forest95.tif	0	0	0	0	0	0	0	0	0	0	0	0	0	0	0	1	0	0	0	0	0	1	0	0	0	0	0	0	1	0
796	forest96.tif	0	0	0	0	0	0	0	0	0	0	0	0	0	0	0	1	0	0	0	0	0	1	0	0	0	0	0	0	1	0
797	forest97.tif	0	0	0	0	0	0	0	0	0	0	0	0	0	0	0	1	0	0	0	0	0	1	0	0	0	0	0	0	1	0
798	forest98.tif	0	0	0	0	0	0	0	0	0	0	0	0	0	0	0	1	0	0	0	0	0	1	0	0	0	0	0	0	1	0
799	forest99.tif	0	0	0	0	0	0	0	0	0	0	0	0	0	0	0	1	0	0	0	0	0	1	0	0	0	0	0	0	1	0
800	freeway00.tif	0	0	0	1	0	0	0	0	1	0	1	0	0	0	0	1	0	1	1	0	0	1	1	0	0	1	0	0	1	0
801	freeway01.tif	0	1	0	1	0	0	0	0	0	0	1	0	0	0	0	1	0	1	1	1	0	1	0	0	0	1	0	0	1	0
802	freeway02.tif	0	1	0	1	0	0	0	0	0	0	1	0	0	0	0	1	0	1	1	1	0	1	0	0	0	1	0	0	1	0
803	freeway03.tif	0	1	0	1	0	0	0	0	0	0	1	0	0	0	0	1	0	1	1	1	0	1	0	0	0	1	0	0	1	0
804	freeway04.tif	0	0	0	1	0	0	0	0	1	0	1	0	0	0	0	0	0	1	1	0	0	1	1	0	0	1	0	0	0	0
805	freeway05.tif	0	1	0	1	0	0	0	0	0	0	1	0	0	0	0	1	0	1	1	1	0	1	0	0	0	1	0	0	1	0
806	freeway06.tif	0	1	0	1	0	0	0	0	1	0	1	0	0	0	0	1	0	1	1	1	0	1	1	0	0	1	0	0	1	0
807	freeway07.tif	0	1	0	1	0	0	0	0	1	0	1	0	0	0	0	1	0	1	1	1	0	1	1	0	0	1	0	0	1	0
808	freeway08.tif	0	1	0	1	0	0	0	0	1	0	1	0	0	0	0	1	0	1	1	1	0	1	1	0	0	1	0	0	1	0
809	freeway09.tif	0	0	0	1	0	0	0	0	0	0	1	0	0	0	0	1	0	1	1	0	0	1	0	0	0	1	0	0	1	0
810	freeway10.tif	0	0	0	1	0	0	0	0	1	0	1	0	0	0	0	1	0	1	1	0	0	1	1	0	0	1	0	0	1	0
811	freeway11.tif	0	1	0	1	0	0	0	0	0	0	1	0	0	0	0	0	0	1	1	1	0	0	0	0	0	1	0	0	0	0
812	freeway12.tif	0	0	0	1	0	0	0	0	0	0	1	0	0	0	0	1	0	1	1	0	0	1	0	0	0	1	0	0	1	0
813	freeway13.tif	0	0	0	1	0	0	0	0	1	0	1	0	0	0	0	0	0	1	1	0	0	1	1	0	0	1	0	0	0	0
814	freeway14.tif	0	0	0	1	0	0	0	0	1	0	1	0	0	0	0	1	0	1	1	0	0	1	1	0	0	1	0	0	1	0
815	freeway15.tif	0	0	0	1	0	0	0	0	1	0	1	0	0	0	0	1	0	1	1	0	0	1	1	0	0	1	0	0	1	0
816	freeway16.tif	0	0	0	1	0	0	0	0	1	0	1	0	0	0	0	1	0	1	1	0	0	1	1	0	0	1	0	0	1	0
817	freeway17.tif	0	0	0	1	0	0	0	0	1	0	1	0	0	0	0	1	0	1	1	0	0	1	1	0	0	1	0	0	1	0
818	freeway18.tif	0	0	0	1	0	0	0	0	1	0	1	0	0	0	0	1	0	1	1	0	0	1	1	0	0	1	0	0	1	0
819	freeway19.tif	0	0	0	1	0	0	0	0	1	0	1	0	0	0	0	0	0	1	1	0	0	1	1	0	0	1	0	0	0	0
820	freeway20.tif	0	0	0	1	0	0	0	0	1	0	1	0	0	0	0	0	0	1	1	0	0	1	1	0	0	1	0	0	0	0
821	freeway21.tif	0	0	0	1	0	0	0	0	1	0	1	0	0	0	0	0	0	1	1	0	0	1	1	0	0	1	0	0	0	0
822	freeway22.tif	0	1	0	1	0	0	0	0	1	0	1	0	0	0	0	0	0	1	1	1	0	1	1	0	0	1	0	0	0	0
823	freeway23.tif	0	0	0	1	0	0	0	0	1	0	1	0	0	0	0	0	0	1	1	0	0	1	1	0	0	1	0	0	0	0
824	freeway24.tif	0	0	0	1	0	0	0	0	0	0	1	0	0	0	0	1	0	1	1	0	0	1	0	0	0	1	0	0	1	0
825	freeway25.tif	0	0	0	1	0	0	0	0	1	0	1	0	0	0	0	1	0	1	1	0	0	1	1	0	0	1	0	0	1	0
826	freeway26.tif	0	0	0	1	0	0	0	0	1	0	1	0	0	0	0	0	0	1	1	0	0	1	1	0	0	1	0	0	0	0
827	freeway27.tif	0	0	0	1	0	0	0	0	1	0	1	0	0	0	0	0	0	1	1	0	0	1	1	0	0	1	0	0	0	0
828	freeway28.tif	0	1	0	1	0	0	0	0	1	0	1	0	0	0	0	0	0	1	1	1	0	1	1	0	0	1	0	0	0	0
829	freeway29.tif	0	0	0	1	0	0	0	0	1	0	1	0	0	0	0	0	0	1	1	0	0	1	1	0	0	1	0	0	0	0
830	freeway30.tif	0	0	0	1	0	0	0	0	1	0	1	0	0	0	0	0	0	1	1	0	0	1	1	0	0	1	0	0	0	0
831	freeway31.tif	0	0	0	1	0	0	0	0	1	0	1	0	0	0	0	0	0	1	1	0	0	1	1	0	0	1	0	0	0	0
832	freeway32.tif	0	0	0	1	0	0	0	0	1	0	1	0	0	0	0	0	0	1	1	0	0	1	1	0	0	1	0	0	0	0
833	freeway33.tif	0	0	0	1	0	0	0	0	1	0	1	0	0	0	0	1	0	1	1	0	0	1	1	0	0	1	0	0	1	0
834	freeway34.tif	0	0	0	1	0	0	0	0	1	0	1	0	0	0	0	1	0	1	1	0	0	1	1	0	0	1	0	0	1	0
835	freeway35.tif	0	0	0	1	0	0	0	0	1	0	1	0	0	0	0	0	0	1	1	0	0	1	1	0	0	1	0	0	0	0
836	freeway36.tif	0	0	0	1	0	0	0	0	1	0	1	0	0	0	0	0	0	1	1	0	0	1	1	0	0	1	0	0	0	0
837	freeway37.tif	0	0	0	1	0	0	0	0	1	0	1	0	0	0	0	0	0	1	1	0	0	1	1	0	0	1	0	0	0	0
838	freeway38.tif	0	0	0	1	0	0	0	0	1	0	1	0	0	0	0	0	0	1	1	0	0	1	1	0	0	1	0	0	0	0
839	freeway39.tif	0	0	0	1	0	0	0	0	1	0	1	0	0	0	0	0	0	1	1	0	0	1	1	0	0	1	0	0	0	0
840	freeway40.tif	0	0	0	1	0	0	0	0	1	0	1	0	0	0	0	0	0	1	1	0	0	1	1	0	0	1	0	0	0	0
841	freeway41.tif	0	0	0	1	0	0	0	0	1	0	1	0	0	0	0	0	0	1	1	0	0	1	1	0	0	1	0	0	0	0
842	freeway42.tif	0	1	0	1	0	0	0	0	0	0	1	0	0	0	0	0	0	1	1	1	0	0	0	0	0	1	0	0	0	0
843	freeway43.tif	0	1	0	1	0	0	0	0	0	0	1	0	0	0	0	0	0	1	1	1	0	0	0	0	0	1	0	0	0	0
844	freeway44.tif	0	1	0	1	0	0	0	0	0	0	1	0	0	0	0	0	0	1	1	1	0	0	0	0	0	1	0	0	0	0
845	freeway45.tif	0	1	0	1	0	0	0	0	0	0	1	0	0	0	0	0	0	1	1	1	0	0	0	0	0	1	0	0	0	0
846	freeway46.tif	0	1	0	1	0	0	0	0	0	0	1	0	0	0	0	0	0	1	1	1	0	0	0	0	0	1	0	0	0	0
847	freeway47.tif	0	1	0	1	0	0	0	0	0	0	1	0	0	0	0	0	0	1	1	1	0	0	0	0	0	1	0	0	0	0
848	freeway48.tif	0	1	0	1	0	0	0	0	0	0	1	0	0	0	0	0	0	1	1	1	0	0	0	0	0	1	0	0	0	0
849	freeway49.tif	0	1	0	1	0	0	0	0	0	0	1	0	0	0	0	0	0	1	1	1	0	0	0	0	0	1	0	0	0	0
850	freeway50.tif	0	1	0	1	0	0	0	0	0	0	1	0	0	0	0	0	0	1	1	1	0	0	0	0	0	1	0	0	0	0
851	freeway51.tif	0	1	0	1	0	0	0	0	0	0	1	0	0	0	0	0	0	1	1	1	0	0	0	0	0	1	0	0	0	0
852	freeway52.tif	0	1	0	1	0	0	0	0	0	0	1	0	0	0	0	0	0	1	1	1	0	0	0	0	0	1	0	0	0	0
853	freeway53.tif	0	1	0	1	0	0	0	0	0	0	1	0	0	0	0	0	0	1	1	1	0	0	0	0	0	1	0	0	0	0
854	freeway54.tif	0	1	0	1	0	0	0	0	0	0	1	0	0	0	0	1	0	1	1	1	0	1	0	0	0	1	0	0	1	0
855	freeway55.tif	0	1	0	1	0	0	0	0	0	0	1	0	0	0	0	0	0	1	1	1	0	0	0	0	0	1	0	0	0	0
856	freeway56.tif	0	1	0	0	0	0	0	0	0	0	1	0	0	0	0	1	0	1	0	1	0	1	0	0	0	1	0	0	1	0
857	freeway57.tif	0	1	0	1	0	0	0	0	0	0	1	0	0	0	0	0	0	1	1	1	0	0	0	0	0	1	0	0	0	0
858	freeway58.tif	0	1	0	1	1	0	0	0	0	0	1	0	0	0	0	0	0	1	1	1	0	1	1	0	0	1	0	0	0	0
859	freeway59.tif	0	1	0	1	0	0	0	0	0	0	1	0	0	0	0	0	0	1	1	1	0	0	0	0	0	1	0	0	0	0
860	freeway60.tif	0	1	0	1	1	0	0	0	0	0	1	0	0	0	0	1	0	1	1	1	0	1	1	0	0	1	0	0	1	0
861	freeway61.tif	0	1	0	0	1	0	0	0	0	0	1	0	0	0	0	0	0	1	0	1	0	1	1	0	0	1	0	0	0	0
862	freeway62.tif	0	1	0	0	1	0	0	0	0	0	1	0	0	0	0	1	0	1	0	1	0	1	1	0	0	1	0	0	1	0
863	freeway63.tif	0	1	0	1	1	0	0	0	0	0	1	0	0	0	0	1	0	1	1	1	0	1	1	0	0	1	0	0	1	0
864	freeway64.tif	0	0	0	1	0	0	0	0	1	0	1	0	0	0	0	1	0	1	1	0	0	1	1	0	0	1	0	0	1	0
865	freeway65.tif	0	0	0	1	0	0	0	0	1	0	1	0	0	0	0	1	0	1	1	0	0	1	1	0	0	1	0	0	1	0
866	freeway66.tif	0	0	0	1	0	0	0	0	1	0	1	0	0	0	0	1	0	1	1	0	0	1	1	0	0	1	0	0	1	0
867	freeway67.tif	0	0	0	1	0	0	0	0	0	0	1	0	0	0	0	1	0	1	1	0	0	1	0	0	0	1	0	0	1	0
868	freeway68.tif	0	1	0	1	0	0	0	0	0	0	1	0	0	0	0	1	0	1	1	1	0	1	0	0	0	1	0	0	1	0
869	freeway69.tif	0	0	0	1	0	0	0	0	0	0	1	0	0	0	0	1	0	1	1	0	0	1	0	0	0	1	0	0	1	0
870	freeway70.tif	0	1	0	1	0	0	0	0	0	0	1	0	0	0	0	1	0	1	1	1	0	1	0	0	0	1	0	0	1	0
871	freeway71.tif	0	0	0	1	0	0	0	0	1	0	1	0	0	0	0	1	0	1	1	0	0	1	1	0	0	1	0	0	1	0
872	freeway72.tif	0	0	0	1	0	0	0	0	1	0	1	0	0	0	0	1	0	1	1	0	0	1	1	0	0	1	0	0	1	0
873	freeway73.tif	0	0	0	1	0	0	0	0	1	0	1	0	0	0	0	1	0	1	1	0	0	1	1	0	0	1	0	0	1	0
874	freeway74.tif	0	0	0	1	0	0	0	0	1	0	1	0	0	0	0	0	0	1	1	0	0	1	1	0	0	1	0	0	0	0
875	freeway75.tif	0	1	0	1	0	0	0	0	1	0	1	0	0	0	0	0	0	1	1	1	0	1	1	0	0	1	0	0	0	0
876	freeway76.tif	0	0	0	1	0	0	0	0	0	0	1	0	0	0	0	1	0	1	1	0	0	1	0	0	0	1	0	0	1	0
877	freeway77.tif	0	0	0	1	0	0	0	0	1	0	1	0	0	0	0	0	0	1	1	0	0	1	1	0	0	1	0	0	0	0
878	freeway78.tif	0	0	0	1	0	0	0	0	1	0	1	0	0	0	0	0	0	1	1	0	0	1	1	0	0	1	0	0	0	0
879	freeway79.tif	0	0	1	1	0	0	0	0	1	0	1	0	0	0	0	1	0	1	1	0	1	1	1	0	0	1	0	0	1	0
880	freeway80.tif	0	1	1	1	0	0	0	0	1	0	1	0	0	0	0	0	0	1	1	1	1	1	1	0	0	1	0	0	0	0
881	freeway81.tif	0	1	0	1	0	0	0	0	1	0	1	0	0	0	0	1	0	1	1	1	0	1	1	0	0	1	0	0	1	0
882	freeway82.tif	0	0	0	1	0	0	0	0	1	0	1	0	0	0	0	0	0	1	1	0	0	1	1	0	0	1	0	0	0	0
883	freeway83.tif	0	1	0	1	0	0	0	0	0	0	1	0	0	0	0	1	0	1	1	1	0	1	0	0	0	1	0	0	1	0
884	freeway84.tif	0	1	0	1	0	0	0	0	0	0	1	0	0	0	0	0	0	1	1	1	0	0	0	0	0	1	0	0	0	0
885	freeway85.tif	0	1	0	1	0	0	0	0	1	0	1	0	0	0	0	0	0	1	1	1	0	1	1	0	0	1	0	0	0	0
886	freeway86.tif	0	1	0	1	0	0	0	0	0	0	1	0	0	0	0	0	0	1	1	1	0	0	0	0	0	1	0	0	0	0
887	freeway87.tif	0	1	0	1	0	0	0	0	0	0	1	0	0	0	0	0	0	1	1	1	0	0	0	0	0	1	0	0	0	0
888	freeway88.tif	0	1	0	1	0	0	0	0	0	0	1	0	0	0	0	0	0	1	1	1	0	0	0	0	0	1	0	0	0	0
889	freeway89.tif	0	1	0	1	0	0	0	0	1	0	1	0	0	0	0	0	0	1	1	1	0	1	1	0	0	1	0	0	0	0
890	freeway90.tif	0	1	0	1	0	0	0	0	1	0	1	0	0	0	0	0	0	1	1	1	0	1	1	0	0	1	0	0	0	0
891	freeway91.tif	0	0	0	1	0	0	0	0	1	0	1	0	0	0	0	1	0	1	1	0	0	1	1	0	0	1	0	0	1	0
892	freeway92.tif	0	0	0	1	0	0	0	0	1	0	1	0	0	0	0	1	0	1	1	0	0	1	1	0	0	1	0	0	1	0
893	freeway93.tif	0	1	0	0	1	0	0	0	0	0	1	0	0	0	0	1	0	1	0	1	0	1	1	0	0	1	0	0	1	0
894	freeway94.tif	0	1	0	1	1	0	0	0	0	0	1	0	0	0	0	1	0	1	1	1	0	1	1	0	0	1	0	0	1	0
895	freeway95.tif	0	1	0	0	1	0	0	0	0	0	1	0	0	0	0	1	0	1	0	1	0	1	1	0	0	1	0	0	1	0
896	freeway96.tif	0	1	0	1	0	0	0	0	1	0	1	0	0	0	0	1	0	1	1	1	0	1	1	0	0	1	0	0	1	0
897	freeway97.tif	0	1	0	1	0	0	0	0	1	0	1	0	0	0	0	1	0	1	1	1	0	1	1	0	0	1	0	0	1	0
898	freeway98.tif	0	1	0	1	0	0	0	0	0	0	1	0	0	0	0	1	0	1	1	1	0	1	0	0	0	1	0	0	1	0
899	freeway99.tif	0	1	0	1	0	0	0	0	1	0	1	0	0	0	0	1	0	1	1	1	0	1	1	0	0	1	0	0	1	0
900	golfcourse00.tif	0	0	0	0	0	0	0	0	1	0	0	0	0	0	0	1	0	0	0	0	0	1	1	0	0	0	0	0	1	0
901	golfcourse01.tif	0	0	0	0	0	0	0	0	1	0	0	0	0	0	0	1	0	0	0	0	0	1	1	0	0	0	0	0	1	0
902	golfcourse02.tif	0	0	0	0	0	0	0	0	1	0	1	1	0	0	0	1	0	1	0	0	0	1	1	0	0	1	1	1	1	0
903	golfcourse03.tif	0	0	0	0	0	0	0	0	1	0	0	1	0	0	0	1	0	0	0	0	0	1	1	0	0	0	1	1	1	0
904	golfcourse04.tif	0	0	0	0	0	0	0	0	1	0	0	1	0	0	0	1	0	0	0	0	0	1	1	0	0	0	1	1	1	0
905	golfcourse05.tif	0	0	0	0	0	0	0	0	1	0	0	1	0	0	0	1	0	0	0	0	0	1	1	0	0	0	1	1	1	0
906	golfcourse06.tif	0	1	0	0	0	0	0	0	1	0	0	1	0	0	0	1	0	1	0	1	0	1	1	0	0	0	1	1	1	0
907	golfcourse07.tif	0	1	0	0	0	0	0	0	1	0	0	0	0	0	0	1	0	1	0	1	0	1	1	0	0	0	0	0	1	0
908	golfcourse08.tif	0	1	0	0	0	0	0	0	1	0	0	0	0	0	0	1	0	1	0	1	0	1	1	0	0	0	0	0	1	0
909	golfcourse09.tif	0	1	0	0	0	0	0	0	1	0	0	1	0	0	0	1	0	1	0	1	0	1	1	0	0	0	1	1	1	0
910	golfcourse10.tif	0	1	0	0	0	0	0	0	1	0	0	1	0	0	0	1	0	1	0	1	0	1	1	0	0	0	1	1	1	0
911	golfcourse11.tif	0	0	0	0	0	0	0	0	1	0	0	0	0	0	0	1	0	0	0	0	0	1	1	0	0	0	0	0	1	0
912	golfcourse12.tif	0	1	0	0	0	0	0	0	1	0	1	1	0	0	0	1	0	1	0	1	0	1	1	0	0	1	1	1	1	0
913	golfcourse13.tif	0	0	0	0	0	0	0	0	1	0	1	0	0	0	0	1	0	1	0	0	0	1	1	0	0	1	0	0	1	0
914	golfcourse14.tif	0	0	0	0	0	0	0	0	1	0	1	0	0	0	0	1	0	1	0	0	0	1	1	0	0	1	0	0	1	0
915	golfcourse15.tif	0	0	0	0	0	0	0	0	1	0	0	1	0	0	0	1	0	0	0	0	0	1	1	0	0	0	1	1	1	0
916	golfcourse16.tif	0	0	0	0	0	0	0	0	1	0	0	1	0	0	0	1	0	0	0	0	0	1	1	0	0	0	1	1	1	0
917	golfcourse17.tif	0	0	0	0	0	0	0	0	1	0	1	0	0	0	0	1	0	1	0	0	0	1	1	0	0	1	0	0	1	0
918	golfcourse18.tif	0	0	0	0	0	0	0	0	1	0	0	1	0	0	0	1	0	0	0	0	0	1	1	0	0	0	1	1	1	0
919	golfcourse19.tif	0	1	0	0	0	0	0	0	1	0	1	1	0	0	0	1	0	1	0	1	0	1	1	0	0	1	1	1	1	0
920	golfcourse20.tif	0	0	0	0	0	0	0	0	1	0	1	1	0	0	0	1	0	1	0	0	0	1	1	0	0	1	1	1	1	0
921	golfcourse21.tif	0	0	0	0	0	0	0	0	1	0	1	0	0	0	0	1	0	1	0	0	0	1	1	0	0	1	0	0	1	0
922	golfcourse22.tif	0	0	0	0	0	0	0	0	1	0	1	1	0	0	0	1	0	1	0	0	0	1	1	0	0	1	1	1	1	0
923	golfcourse23.tif	0	0	0	0	0	0	0	0	1	0	1	1	0	0	0	1	0	1	0	0	0	1	1	0	0	1	1	1	1	0
924	golfcourse24.tif	0	0	0	0	0	0	0	0	1	0	1	1	0	0	0	1	0	1	0	0	0	1	1	0	0	1	1	1	1	0
925	golfcourse25.tif	0	0	0	0	0	0	0	0	1	0	1	1	0	0	0	1	0	1	0	0	0	1	1	0	0	1	1	1	1	0
926	golfcourse26.tif	0	1	0	0	0	0	0	0	1	0	1	1	0	0	0	0	0	1	0	1	0	1	1	0	0	1	1	1	0	0
927	golfcourse27.tif	0	1	0	0	0	0	0	0	1	0	1	1	0	0	0	0	0	1	0	1	0	1	1	0	0	1	1	1	0	0
928	golfcourse28.tif	0	1	0	0	0	0	0	0	1	0	0	1	0	0	0	0	0	1	0	1	0	1	1	0	0	0	1	1	0	0
929	golfcourse29.tif	0	1	0	0	0	0	0	0	1	0	0	0	0	0	0	0	0	1	0	1	0	1	1	0	0	0	0	0	0	0
930	golfcourse30.tif	0	1	0	0	0	0	0	0	1	0	1	1	0	0	0	0	0	1	0	1	0	1	1	0	0	1	1	1	0	0
931	golfcourse31.tif	0	1	0	0	0	0	0	0	1	0	0	0	0	0	0	0	0	1	0	1	0	1	1	0	0	0	0	0	0	0
932	golfcourse32.tif	0	1	0	0	0	0	0	0	1	0	1	1	0	0	0	0	0	1	0	1	0	1	1	0	0	1	1	1	0	0
933	golfcourse33.tif	0	1	0	0	0	0	0	0	1	0	0	1	0	0	0	0	0	1	0	1	0	1	1	0	0	0	1	1	0	0
934	golfcourse34.tif	0	1	0	0	0	0	0	0	1	0	0	1	0	0	0	0	0	1	0	1	0	1	1	0	0	0	1	1	0	0
935	golfcourse35.tif	0	1	0	0	0	0	0	0	1	0	1	1	0	0	0	0	0	1	0	1	0	1	1	0	0	1	1	1	0	0
936	golfcourse36.tif	0	1	0	0	0	0	0	0	1	0	0	1	0	0	0	0	0	1	0	1	0	1	1	0	0	0	1	1	0	0
937	golfcourse37.tif	0	1	0	0	0	0	0	0	1	0	1	1	0	0	0	0	0	1	0	1	0	1	1	0	0	1	1	1	0	0
938	golfcourse38.tif	0	1	0	0	0	0	0	0	1	0	0	0	0	0	0	0	0	1	0	1	0	1	1	0	0	0	0	0	0	0
939	golfcourse39.tif	0	1	0	0	0	0	0	0	1	0	1	1	0	0	0	0	0	1	0	1	0	1	1	0	0	1	1	1	0	0
940	golfcourse40.tif	0	1	0	0	0	0	0	0	1	0	0	1	0	0	0	0	0	1	0	1	0	1	1	0	0	0	1	1	0	0
941	golfcourse41.tif	0	1	0	0	0	0	0	0	1	0	1	1	0	0	0	0	0	1	0	1	0	1	1	0	0	1	1	1	0	0
942	golfcourse42.tif	0	1	0	0	0	0	0	0	1	0	1	1	0	0	0	1	0	1	0	1	0	1	1	0	0	1	1	1	1	0
943	golfcourse43.tif	0	1	0	0	0	0	0	0	1	0	1	1	0	0	0	1	0	1	0	1	0	1	1	0	0	1	1	1	1	0
944	golfcourse44.tif	0	0	0	0	0	0	0	0	1	0	1	1	0	0	0	0	0	1	0	0	0	1	1	0	0	1	1	1	0	0
945	golfcourse45.tif	0	1	0	0	0	0	0	0	1	0	1	1	0	0	0	1	0	1	0	1	0	1	1	0	0	1	1	1	1	0
946	golfcourse46.tif	0	1	0	0	0	0	0	0	1	0	0	0	0	0	0	1	0	1	0	1	0	1	1	0	0	0	0	0	1	0
947	golfcourse47.tif	0	1	0	0	0	0	0	0	1	0	1	0	0	0	0	1	0	1	0	1	0	1	1	0	0	1	0	0	1	0
948	golfcourse48.tif	0	1	0	0	0	0	0	0	1	0	1	0	0	0	0	1	0	1	0	1	0	1	1	0	0	1	0	0	1	0
949	golfcourse49.tif	0	1	0	0	0	0	0	0	1	0	1	1	0	0	0	1	0	1	0	1	0	1	1	0	0	1	1	1	1	0
950	golfcourse50.tif	0	1	0	0	0	0	0	0	1	0	1	1	0	0	0	0	0	1	0	1	0	1	1	0	0	1	1	1	0	0
951	golfcourse51.tif	0	1	0	0	0	0	0	0	1	0	0	1	0	0	0	1	0	1	0	1	0	1	1	0	0	0	1	1	1	0
952	golfcourse52.tif	0	1	0	0	0	0	0	0	1	0	1	1	0	0	0	1	0	1	0	1	0	1	1	0	0	1	1	1	1	0
953	golfcourse53.tif	0	1	0	0	0	0	0	0	1	0	0	0	0	0	0	1	0	1	0	1	0	1	1	0	0	0	0	0	1	0
954	golfcourse54.tif	0	1	0	0	0	0	0	0	1	0	1	1	0	0	0	1	0	1	0	1	0	1	1	0	0	1	1	1	1	0
955	golfcourse55.tif	0	1	0	0	0	0	0	0	1	0	1	1	0	0	0	1	0	1	0	1	0	1	1	0	0	1	1	1	1	0
956	golfcourse56.tif	0	1	0	0	0	0	0	0	1	0	1	0	0	0	0	1	0	1	0	1	0	1	1	0	0	1	0	0	1	0
957	golfcourse57.tif	0	1	0	0	0	0	0	0	1	0	1	1	0	0	0	0	0	1	0	1	0	1	1	0	0	1	1	1	0	0
958	golfcourse58.tif	0	1	0	0	0	0	0	0	1	0	1	1	0	0	0	0	0	1	0	1	0	1	1	0	0	1	1	1	0	0
959	golfcourse59.tif	0	1	0	0	0	0	0	0	1	0	1	0	0	0	0	0	0	1	0	1	0	1	1	0	0	1	0	0	0	0
960	golfcourse60.tif	0	1	0	0	0	0	0	0	1	0	1	1	0	0	0	1	0	1	0	1	0	1	1	0	0	1	1	1	1	0
961	golfcourse61.tif	0	0	0	0	0	0	0	0	1	0	1	1	0	0	0	0	0	1	0	0	0	1	1	0	0	1	1	1	0	0
962	golfcourse62.tif	0	0	0	0	0	0	0	0	1	0	1	1	0	0	0	0	0	1	0	0	0	1	1	0	0	1	1	1	0	0
963	golfcourse63.tif	0	0	0	0	0	0	0	0	1	0	1	1	0	0	0	0	0	1	0	0	0	1	1	0	0	1	1	1	0	0
964	golfcourse64.tif	0	1	0	0	0	0	0	0	1	0	0	0	0	0	0	0	0	1	0	1	0	1	1	0	0	0	0	0	0	0
965	golfcourse65.tif	0	1	0	0	0	0	0	0	1	0	1	1	0	0	0	0	0	1	0	1	0	1	1	0	0	1	1	1	0	0
966	golfcourse66.tif	0	1	0	0	0	0	0	0	1	0	1	0	0	0	0	0	0	1	0	1	0	1	1	0	0	1	0	0	0	0
967	golfcourse67.tif	0	0	0	0	0	0	0	0	1	0	1	1	0	0	0	0	0	1	0	0	0	1	1	0	0	1	1	1	0	0
968	golfcourse68.tif	0	1	0	0	0	0	0	0	1	0	1	1	0	0	0	0	0	1	0	1	0	1	1	0	0	1	1	1	0	0
969	golfcourse69.tif	0	0	0	0	0	0	0	0	1	0	1	1	0	0	0	0	0	1	0	0	0	1	1	0	0	1	1	1	0	0
970	golfcourse70.tif	0	0	0	0	0	0	0	0	1	0	0	1	0	0	0	1	0	0	0	0	0	1	1	0	0	0	1	1	1	0
971	golfcourse71.tif	0	0	0	0	0	0	0	0	1	0	1	0	0	0	0	1	0	1	0	0	0	1	1	0	0	1	0	0	1	0
972	golfcourse72.tif	0	0	0	0	0	0	0	0	1	0	1	1	0	0	0	1	0	1	0	0	0	1	1	0	0	1	1	1	1	0
973	golfcourse73.tif	0	0	0	0	0	0	0	0	1	0	1	1	0	0	0	1	0	1	0	0	0	1	1	0	0	1	1	1	1	0
974	golfcourse74.tif	0	1	0	0	0	0	0	0	1	0	1	0	0	0	0	1	0	1	0	1	0	1	1	0	0	1	0	0	1	0
975	golfcourse75.tif	0	0	0	0	0	0	0	0	1	0	1	1	0	0	0	1	0	1	0	0	0	1	1	0	0	1	1	1	1	0
976	golfcourse76.tif	0	0	0	0	0	0	0	0	1	0	1	1	0	0	0	1	0	1	0	0	0	1	1	0	0	1	1	1	1	0
977	golfcourse77.tif	0	0	0	0	0	0	0	0	1	0	1	0	0	0	0	1	0	1	0	0	0	1	1	0	0	1	0	0	1	0
978	golfcourse78.tif	0	0	0	0	0	0	0	0	1	0	1	1	0	0	0	1	0	1	0	0	0	1	1	0	0	1	1	1	1	0
979	golfcourse79.tif	0	0	0	0	0	0	0	0	1	0	0	1	0	0	0	1	0	0	0	0	0	1	1	0	0	0	1	1	1	0
980	golfcourse80.tif	0	0	0	0	0	0	0	0	1	0	1	0	0	0	0	1	0	1	0	0	0	1	1	0	0	1	0	0	1	0
981	golfcourse81.tif	0	0	0	0	0	0	0	0	1	0	1	1	0	0	0	1	0	1	0	0	0	1	1	0	0	1	1	1	1	0
982	golfcourse82.tif	0	0	0	0	0	0	0	0	1	0	1	1	0	0	0	1	0	1	0	0	0	1	1	0	0	1	1	1	1	0
983	golfcourse83.tif	0	0	0	0	0	0	0	0	1	0	1	1	0	0	0	1	0	1	0	0	0	1	1	0	0	1	1	1	1	0
984	golfcourse84.tif	0	0	0	0	0	0	0	0	1	0	1	0	0	0	0	1	0	1	0	0	0	1	1	0	0	1	0	0	1	0
985	golfcourse85.tif	0	0	0	0	0	0	0	0	1	0	1	1	0	0	0	1	0	1	0	0	0	1	1	0	0	1	1	1	1	0
986	golfcourse86.tif	0	0	0	0	0	0	0	0	1	0	1	1	0	0	0	1	0	1	0	0	0	1	1	0	0	1	1	1	1	0
987	golfcourse87.tif	0	0	0	0	0	0	0	0	1	0	1	1	0	0	0	1	0	1	0	0	0	1	1	0	0	1	1	1	1	0
988	golfcourse88.tif	0	0	0	0	0	0	0	0	1	0	1	1	0	0	0	1	0	1	0	0	0	1	1	0	0	1	1	1	1	0
989	golfcourse89.tif	0	0	0	0	0	0	0	0	1	0	1	1	0	0	0	0	0	1	0	0	0	1	1	0	0	1	1	1	0	0
990	golfcourse90.tif	0	0	0	0	0	0	0	0	1	0	1	1	0	0	0	1	0	1	0	0	0	1	1	0	0	1	1	1	1	0
991	golfcourse91.tif	0	0	0	0	0	0	0	0	1	0	1	1	0	0	0	1	0	1	0	0	0	1	1	0	0	1	1	1	1	0
992	golfcourse92.tif	0	1	0	0	0	0	0	0	1	0	1	0	0	0	0	1	0	1	0	1	0	1	1	0	0	1	0	0	1	0
993	golfcourse93.tif	0	0	0	0	0	0	0	0	1	0	1	1	0	0	0	1	0	1	0	0	0	1	1	0	0	1	1	1	1	0
994	golfcourse94.tif	0	0	0	0	0	0	0	0	1	0	1	1	0	0	0	1	0	1	0	0	0	1	1	0	0	1	1	1	1	0
995	golfcourse95.tif	0	1	0	0	0	0	0	0	1	0	1	1	0	0	0	1	0	1	0	1	0	1	1	0	0	1	1	1	1	0
996	golfcourse96.tif	0	0	0	0	0	0	0	0	1	0	0	1	0	0	0	1	0	0	0	0	0	1	1	0	0	0	1	1	1	0
997	golfcourse97.tif	0	0	0	0	0	0	0	0	1	0	0	0	0	0	0	1	0	0	0	0	0	1	1	0	0	0	0	0	1	0
998	golfcourse98.tif	0	0	0	0	0	0	0	0	1	0	0	1	0	0	0	1	0	0	0	0	0	1	1	0	0	0	1	1	1	0
999	golfcourse99.tif	0	0	0	0	0	0	0	0	1	0	0	1	0	0	0	0	0	0	0	0	0	1	1	0	0	0	1	1	0	0
1000	harbor00.tif	0	0	0	0	0	0	1	0	0	0	0	0	0	1	0	0	1	1	1	0	0	0	0	0	0	0	1	0	0	1
1001	harbor01.tif	0	0	0	0	0	0	1	0	0	0	0	0	0	1	0	0	1	1	1	0	0	0	0	0	0	0	1	0	0	1
1002	harbor02.tif	0	0	0	0	0	0	1	0	0	0	0	0	0	1	0	0	1	1	1	0	0	0	0	0	0	0	1	0	0	1
1003	harbor03.tif	0	0	0	0	0	0	1	0	0	0	0	0	0	1	0	0	1	1	1	0	0	0	0	0	0	0	1	0	0	1
1004	harbor04.tif	0	0	0	0	0	0	1	0	0	0	0	0	0	1	0	0	1	1	1	0	0	0	0	0	0	0	1	0	0	1
1005	harbor05.tif	0	0	0	0	0	0	1	0	0	0	0	0	0	1	0	0	1	1	1	0	0	0	0	0	0	0	1	0	0	1
1006	harbor06.tif	0	0	0	0	0	0	1	0	0	0	0	0	0	1	0	0	1	1	1	0	0	0	0	0	0	0	1	0	0	1
1007	harbor07.tif	0	0	0	0	0	0	1	0	0	0	0	0	0	1	0	0	1	1	1	0	0	0	0	0	0	0	1	0	0	1
1008	harbor08.tif	0	0	0	0	0	0	1	0	0	0	0	0	0	1	0	0	1	1	1	0	0	0	0	0	0	0	1	0	0	1
1009	harbor09.tif	0	0	0	0	0	0	1	0	0	0	0	0	0	1	0	0	1	1	1	0	0	0	0	0	0	0	1	0	0	1
1010	harbor10.tif	0	0	0	0	0	0	1	0	0	0	0	0	0	1	0	0	1	1	1	0	0	0	0	0	0	0	1	0	0	1
1011	harbor11.tif	0	0	0	0	0	0	1	0	0	0	0	0	0	1	0	0	1	1	1	0	0	0	0	0	0	0	1	0	0	1
1012	harbor12.tif	0	0	0	0	0	0	1	0	0	0	0	0	0	1	0	0	1	1	1	0	0	0	0	0	0	0	1	0	0	1
1013	harbor13.tif	0	0	0	0	0	0	1	0	0	0	0	0	0	1	0	0	1	1	1	0	0	0	0	0	0	0	1	0	0	1
1014	harbor14.tif	0	0	0	0	0	0	1	0	0	0	0	0	0	1	0	0	1	1	1	0	0	0	0	0	0	0	1	0	0	1
1015	harbor15.tif	0	0	0	0	0	0	1	0	0	0	0	0	0	1	0	0	1	1	1	0	0	0	0	0	0	0	1	0	0	1
1016	harbor16.tif	0	0	0	0	0	0	1	0	0	0	0	0	0	1	0	0	1	1	1	0	0	0	0	0	0	0	1	0	0	1
1017	harbor17.tif	0	0	0	0	0	0	1	0	0	0	0	0	0	1	0	0	1	1	1	0	0	0	0	0	0	0	1	0	0	1
1018	harbor18.tif	0	0	0	0	0	0	1	0	0	0	0	0	0	1	0	0	1	1	1	0	0	0	0	0	0	0	1	0	0	1
1019	harbor19.tif	0	0	0	0	0	0	1	0	0	0	0	0	0	1	0	0	1	1	1	0	0	0	0	0	0	0	1	0	0	1
1020	harbor20.tif	0	0	0	0	0	0	1	0	0	0	0	0	0	1	0	0	1	1	1	0	0	0	0	0	0	0	1	0	0	1
1021	harbor21.tif	0	0	0	0	0	0	1	0	0	0	0	0	0	1	0	0	1	1	1	0	0	0	0	0	0	0	1	0	0	1
1022	harbor22.tif	0	0	0	0	0	0	1	0	0	0	0	0	0	1	0	0	1	1	1	0	0	0	0	0	0	0	1	0	0	1
1023	harbor23.tif	0	0	0	0	0	0	1	0	0	0	0	0	0	1	0	0	1	1	1	0	0	0	0	0	0	0	1	0	0	1
1024	harbor24.tif	0	0	0	0	0	0	1	0	0	0	0	0	0	1	0	0	1	1	1	0	0	0	0	0	0	0	1	0	0	1
1025	harbor25.tif	0	0	0	0	0	0	1	0	0	0	0	0	0	1	0	0	1	1	1	0	0	0	0	0	0	0	1	0	0	1
1026	harbor26.tif	0	0	0	0	0	0	1	0	0	0	0	0	0	1	0	0	1	1	1	0	0	0	0	0	0	0	1	0	0	1
1027	harbor27.tif	0	0	0	0	0	0	1	0	0	0	0	0	0	1	0	0	1	1	1	0	0	0	0	0	0	0	1	0	0	1
1028	harbor28.tif	0	0	0	0	0	0	1	0	0	0	0	0	0	1	0	0	1	1	1	0	0	0	0	0	0	0	1	0	0	1
1029	harbor29.tif	0	0	0	0	0	0	1	0	0	0	0	0	0	1	0	0	1	1	1	0	0	0	0	0	0	0	1	0	0	1
1030	harbor30.tif	0	0	0	0	0	0	1	0	0	0	0	0	0	1	0	0	1	1	1	0	0	0	0	0	0	0	1	0	0	1
1031	harbor31.tif	0	0	0	0	0	0	1	0	0	0	0	0	0	1	0	0	1	1	1	0	0	0	0	0	0	0	1	0	0	1
1032	harbor32.tif	0	0	0	0	0	0	1	0	0	0	0	0	0	1	0	0	1	1	1	0	0	0	0	0	0	0	1	0	0	1
1033	harbor33.tif	0	0	0	0	0	0	1	0	0	0	0	0	0	1	0	0	1	1	1	0	0	0	0	0	0	0	1	0	0	1
1034	harbor34.tif	0	0	0	0	0	0	1	0	0	0	0	0	0	1	0	0	1	1	1	0	0	0	0	0	0	0	1	0	0	1
1035	harbor35.tif	0	0	0	0	0	0	1	0	0	0	0	0	0	1	0	0	1	1	1	0	0	0	0	0	0	0	1	0	0	1
1036	harbor36.tif	0	0	0	0	0	0	1	0	0	0	0	0	0	1	0	0	1	1	1	0	0	0	0	0	0	0	1	0	0	1
1037	harbor37.tif	0	0	0	0	0	0	1	0	0	0	0	0	0	1	0	0	1	1	1	0	0	0	0	0	0	0	1	0	0	1
1038	harbor38.tif	0	0	0	0	0	0	1	0	0	0	0	0	0	1	0	0	1	1	1	0	0	0	0	0	0	0	1	0	0	1
1039	harbor39.tif	0	0	0	0	0	0	1	0	0	0	0	0	0	1	0	0	1	1	1	0	0	0	0	0	0	0	1	0	0	1
1040	harbor40.tif	0	0	0	0	0	0	1	0	0	0	0	0	0	1	0	0	1	1	1	0	0	0	0	0	0	0	1	0	0	1
1041	harbor41.tif	0	0	0	0	0	0	1	0	0	0	0	0	0	1	0	0	1	1	1	0	0	0	0	0	0	0	1	0	0	1
1042	harbor42.tif	0	0	0	0	0	0	1	0	0	0	0	0	0	1	0	0	1	1	1	0	0	0	0	0	0	0	1	0	0	1
1043	harbor43.tif	0	0	0	0	0	0	1	0	0	0	0	0	0	1	0	0	1	1	1	0	0	0	0	0	0	0	1	0	0	1
1044	harbor44.tif	0	0	0	0	0	0	1	0	0	0	0	0	0	1	0	0	1	1	1	0	0	0	0	0	0	0	1	0	0	1
1045	harbor45.tif	0	0	0	0	0	0	1	0	0	0	0	0	0	1	0	0	1	1	1	0	0	0	0	0	0	0	1	0	0	1
1046	harbor46.tif	0	0	0	0	0	0	1	0	0	0	0	0	0	1	0	0	1	1	1	0	0	0	0	0	0	0	1	0	0	1
1047	harbor47.tif	0	0	0	0	0	0	1	0	0	0	0	0	0	1	0	0	1	1	1	0	0	0	0	0	0	0	1	0	0	1
1048	harbor48.tif	0	0	0	0	0	0	1	0	0	0	0	0	0	1	0	0	1	1	1	0	0	0	0	0	0	0	1	0	0	1
1049	harbor49.tif	0	0	0	0	0	0	1	0	0	0	0	0	0	1	0	0	1	1	1	0	0	0	0	0	0	0	1	0	0	1
1050	harbor50.tif	0	0	0	0	0	0	1	0	0	0	0	0	0	1	0	0	1	1	1	0	0	0	0	0	0	0	1	0	0	1
1051	harbor51.tif	0	0	0	0	0	0	1	0	0	0	0	0	0	1	0	0	1	1	1	0	0	0	0	0	0	0	1	0	0	1
1052	harbor52.tif	0	0	0	0	0	0	1	0	0	0	0	0	0	1	0	0	1	1	1	0	0	0	0	0	0	0	1	0	0	1
1053	harbor53.tif	0	0	0	0	0	0	1	0	0	0	0	0	0	1	0	0	1	1	1	0	0	0	0	0	0	0	1	0	0	1
1054	harbor54.tif	0	0	0	0	0	0	1	0	0	0	0	0	0	1	0	0	1	1	1	0	0	0	0	0	0	0	1	0	0	1
1055	harbor55.tif	0	0	0	0	0	0	1	0	0	0	0	0	0	1	0	0	1	1	1	0	0	0	0	0	0	0	1	0	0	1
1056	harbor56.tif	0	0	0	0	0	0	1	0	0	0	0	0	0	1	0	0	1	1	1	0	0	0	0	0	0	0	1	0	0	1
1057	harbor57.tif	0	0	0	0	0	0	1	0	0	0	0	0	0	1	0	0	1	1	1	0	0	0	0	0	0	0	1	0	0	1
1058	harbor58.tif	0	0	0	0	0	0	1	0	0	0	0	0	0	1	0	0	1	1	1	0	0	0	0	0	0	0	1	0	0	1
1059	harbor59.tif	0	0	0	0	0	0	1	0	0	0	0	0	0	1	0	0	1	1	1	0	0	0	0	0	0	0	1	0	0	1
1060	harbor60.tif	0	0	0	0	0	0	1	0	0	0	0	0	0	1	0	0	1	1	1	0	0	0	0	0	0	0	1	0	0	1
1061	harbor61.tif	0	0	0	0	0	0	1	0	0	0	0	0	0	1	0	0	1	1	1	0	0	0	0	0	0	0	1	0	0	1
1062	harbor62.tif	0	0	0	0	0	0	1	0	0	0	0	0	0	1	0	0	1	1	1	0	0	0	0	0	0	0	1	0	0	1
1063	harbor63.tif	0	0	0	0	0	0	1	0	0	0	0	0	0	1	0	0	1	1	1	0	0	0	0	0	0	0	1	0	0	1
1064	harbor64.tif	0	0	0	0	0	0	1	0	0	0	0	0	0	1	0	0	1	1	1	0	0	0	0	0	0	0	1	0	0	1
1065	harbor65.tif	0	0	0	0	0	0	1	0	0	0	0	0	0	1	0	0	1	1	1	0	0	0	0	0	0	0	1	0	0	1
1066	harbor66.tif	0	0	0	0	0	0	1	0	0	0	0	0	0	1	0	0	1	1	1	0	0	0	0	0	0	0	1	0	0	1
1067	harbor67.tif	0	0	0	0	0	0	1	0	0	0	0	0	0	1	0	0	1	1	1	0	0	0	0	0	0	0	1	0	0	1
1068	harbor68.tif	0	0	0	0	0	0	1	0	0	0	0	0	0	1	0	0	1	1	1	0	0	0	0	0	0	0	1	0	0	1
1069	harbor69.tif	0	0	0	0	0	0	1	0	0	0	0	0	0	1	0	0	1	1	1	0	0	0	0	0	0	0	1	0	0	1
1070	harbor70.tif	0	0	0	0	0	0	1	0	1	0	0	0	0	1	0	0	1	1	1	0	0	1	1	0	0	0	1	0	0	1
1071	harbor71.tif	0	0	0	0	0	0	1	0	0	0	0	0	0	1	0	0	1	1	1	0	0	0	0	0	0	0	1	0	0	1
1072	harbor72.tif	0	0	0	0	0	0	1	0	0	0	0	0	0	1	0	0	1	1	1	0	0	0	0	0	0	0	1	0	0	1
1073	harbor73.tif	0	0	0	0	0	0	1	0	0	0	0	0	0	1	0	0	1	1	1	0	0	0	0	0	0	0	1	0	0	1
1074	harbor74.tif	0	0	0	0	0	0	1	0	0	0	0	0	0	1	0	0	1	1	1	0	0	0	0	0	0	0	1	0	0	1
1075	harbor75.tif	0	0	0	0	0	0	1	0	0	0	0	0	0	1	0	0	1	1	1	0	0	0	0	0	0	0	1	0	0	1
1076	harbor76.tif	0	0	0	0	0	0	1	0	0	0	0	0	0	1	0	0	1	1	1	0	0	0	0	0	0	0	1	0	0	1
1077	harbor77.tif	0	0	0	0	0	0	1	0	0	0	0	0	0	1	0	0	1	1	1	0	0	0	0	0	0	0	1	0	0	1
1078	harbor78.tif	0	0	0	0	0	0	1	0	0	0	0	0	0	1	0	0	1	1	1	0	0	0	0	0	0	0	1	0	0	1
1079	harbor79.tif	0	0	0	0	0	0	1	0	0	0	0	0	0	1	0	0	1	1	1	0	0	0	0	0	0	0	1	0	0	1
1080	harbor80.tif	0	0	0	0	0	0	1	0	0	0	0	0	0	1	0	0	1	1	1	0	0	0	0	0	0	0	1	0	0	1
1081	harbor81.tif	0	0	0	0	0	0	1	0	0	0	0	0	0	1	0	0	1	1	1	0	0	0	0	0	0	0	1	0	0	1
1082	harbor82.tif	0	0	0	0	0	0	1	0	0	0	0	0	0	1	0	0	1	1	1	0	0	0	0	0	0	0	1	0	0	1
1083	harbor83.tif	0	0	0	0	0	0	1	0	0	0	0	0	0	1	0	0	1	1	1	0	0	0	0	0	0	0	1	0	0	1
1084	harbor84.tif	0	0	0	0	0	0	1	0	0	0	0	0	0	1	0	0	1	1	1	0	0	0	0	0	0	0	1	0	0	1
1085	harbor85.tif	0	0	0	0	0	0	1	0	0	0	0	0	0	1	0	0	1	1	1	0	0	0	0	0	0	0	1	0	0	1
1086	harbor86.tif	0	0	1	0	0	0	1	0	0	0	0	0	0	1	0	0	1	1	1	0	1	0	0	0	0	0	1	0	0	1
1087	harbor87.tif	0	0	0	0	0	0	1	0	0	0	0	0	0	1	0	0	1	1	1	0	0	0	0	0	0	0	1	0	0	1
1088	harbor88.tif	0	0	0	0	0	0	1	0	0	0	0	0	0	1	0	0	1	1	1	0	0	0	0	0	0	0	1	0	0	1
1089	harbor89.tif	0	0	0	0	0	0	1	0	0	0	0	0	0	1	0	0	1	1	1	0	0	0	0	0	0	0	1	0	0	1
1090	harbor90.tif	0	0	0	0	0	0	1	0	0	0	0	0	0	1	0	0	1	1	1	0	0	0	0	0	0	0	1	0	0	1
1091	harbor91.tif	0	0	0	0	0	0	1	0	0	0	0	0	0	1	0	0	1	1	1	0	0	0	0	0	0	0	1	0	0	1
1092	harbor92.tif	0	0	1	0	0	0	1	0	0	0	0	0	0	1	0	0	1	1	1	0	1	0	0	0	0	0	1	0	0	1
1093	harbor93.tif	0	0	1	0	0	0	1	0	0	0	0	0	0	1	0	0	1	1	1	0	1	0	0	0	0	0	1	0	0	1
1094	harbor94.tif	0	0	0	0	0	0	1	0	0	0	0	0	0	1	0	0	1	1	1	0	0	0	0	0	0	0	1	0	0	1
1095	harbor95.tif	0	0	0	0	0	0	1	0	0	0	0	0	0	1	0	0	1	1	1	0	0	0	0	0	0	0	1	0	0	1
1096	harbor96.tif	0	0	0	0	0	0	1	0	0	0	0	0	0	1	0	0	1	1	1	0	0	0	0	0	0	0	1	0	0	1
1097	harbor97.tif	0	0	0	0	0	0	1	0	0	0	0	0	0	1	0	0	1	1	1	0	0	0	0	0	0	0	1	0	0	1
1098	harbor98.tif	0	0	0	0	0	0	1	0	0	0	0	0	0	1	0	0	1	1	1	0	0	0	0	0	0	0	1	0	0	1
1099	harbor99.tif	0	0	0	0	0	0	1	0	0	0	0	0	0	1	0	0	1	1	1	0	0	0	0	0	0	0	1	0	0	1
1100	intersection00.tif	0	0	1	1	0	0	0	0	1	0	1	0	0	0	0	1	0	1	1	0	1	1	1	0	0	1	0	0	1	0
1101	intersection01.tif	0	0	1	1	0	0	0	0	0	0	1	0	0	0	0	1	0	1	1	0	1	1	0	0	0	1	0	0	1	0
1102	intersection02.tif	0	0	1	1	0	0	0	0	0	0	1	0	0	0	0	0	0	1	1	0	1	0	0	0	0	1	0	0	0	0
1103	intersection03.tif	0	0	1	1	0	0	0	0	1	0	1	0	0	0	0	1	0	1	1	0	1	1	1	0	0	1	0	0	1	0
1104	intersection04.tif	0	0	0	1	0	0	0	0	1	0	1	0	0	0	0	1	0	1	1	0	0	1	1	0	0	1	0	0	1	0
1105	intersection05.tif	0	0	1	1	0	0	0	0	1	0	1	0	0	0	0	1	0	1	1	0	1	1	1	0	0	1	0	0	1	0
1106	intersection06.tif	0	0	1	1	0	0	0	0	1	0	1	0	0	0	0	1	0	1	1	0	1	1	1	0	0	1	0	0	1	0
1107	intersection07.tif	0	1	0	1	0	1	0	0	0	0	1	0	0	0	0	1	0	1	1	1	0	1	0	0	0	1	0	0	1	0
1108	intersection08.tif	0	0	1	1	0	0	0	0	0	0	1	0	0	0	0	1	0	1	1	0	1	1	0	0	0	1	0	0	1	0
1109	intersection09.tif	0	0	1	1	0	0	0	0	1	0	1	0	0	0	0	1	0	1	1	0	1	1	1	0	0	1	0	0	1	0
1110	intersection10.tif	0	0	1	1	0	0	0	0	1	0	1	0	0	0	0	1	0	1	1	0	1	1	1	0	0	1	0	0	1	0
1111	intersection11.tif	0	1	1	1	0	0	0	0	0	0	1	0	0	0	0	1	0	1	1	1	1	1	0	0	0	1	0	0	1	0
1112	intersection12.tif	0	0	1	1	0	0	0	0	1	0	1	0	0	0	0	1	0	1	1	0	1	1	1	0	0	1	0	0	1	0
1113	intersection13.tif	0	0	1	1	0	0	0	0	0	0	1	0	0	0	0	1	0	1	1	0	1	1	0	0	0	1	0	0	1	0
1114	intersection14.tif	0	0	1	1	0	0	0	0	1	0	1	0	0	0	0	1	0	1	1	0	1	1	1	0	0	1	0	0	1	0
1115	intersection15.tif	0	1	1	1	0	0	0	0	0	0	1	0	0	0	0	1	0	1	1	1	1	1	0	0	0	1	0	0	1	0
1116	intersection16.tif	0	0	0	1	0	0	0	0	1	0	1	0	0	0	0	1	0	1	1	0	0	1	1	0	0	1	0	0	1	0
1117	intersection17.tif	0	1	0	1	0	0	0	0	1	0	1	0	0	0	0	0	0	1	1	1	0	1	1	0	0	1	0	0	0	0
1118	intersection18.tif	0	0	0	1	0	0	0	0	1	0	1	0	0	0	0	0	0	1	1	0	0	1	1	0	0	1	0	0	0	0
1119	intersection19.tif	0	0	1	1	0	0	0	0	1	0	1	0	0	0	0	0	0	1	1	0	1	1	1	0	0	1	0	0	0	0
1120	intersection20.tif	0	1	0	1	0	0	0	0	1	0	1	0	0	0	0	0	0	1	1	1	0	1	1	0	0	1	0	0	0	0
1121	intersection21.tif	0	0	0	1	0	0	0	0	1	0	1	0	0	0	0	1	0	1	1	0	0	1	1	0	0	1	0	0	1	0
1122	intersection22.tif	0	0	1	0	0	0	0	0	1	0	1	0	0	0	0	1	0	1	0	0	1	1	1	0	0	1	0	0	1	0
1123	intersection23.tif	0	0	1	1	0	0	0	0	1	0	1	0	0	0	0	1	0	1	1	0	1	1	1	0	0	1	0	0	1	0
1124	intersection24.tif	0	0	0	1	0	0	0	0	1	0	1	0	0	0	0	1	0	1	1	0	0	1	1	0	0	1	0	0	1	0
1125	intersection25.tif	0	0	1	1	0	0	0	0	1	0	1	0	0	0	0	1	0	1	1	0	1	1	1	0	0	1	0	0	1	0
1126	intersection26.tif	0	1	1	1	0	0	0	0	1	0	1	0	0	0	0	1	0	1	1	1	1	1	1	0	0	1	0	0	1	0
1127	intersection27.tif	0	1	1	1	0	0	0	0	1	0	1	0	0	0	0	1	0	1	1	1	1	1	1	0	0	1	0	0	1	0
1128	intersection28.tif	0	0	1	1	0	0	0	0	1	0	1	0	0	0	0	1	0	1	1	0	1	1	1	0	0	1	0	0	1	0
1129	intersection29.tif	0	0	0	1	0	0	0	0	1	0	1	0	0	0	0	0	0	1	1	0	0	1	1	0	0	1	0	0	0	0
1130	intersection30.tif	0	0	0	1	0	0	0	0	1	0	1	0	0	0	0	1	0	1	1	0	0	1	1	0	0	1	0	0	1	0
1131	intersection31.tif	0	0	1	1	0	0	0	0	1	0	1	0	0	0	0	1	0	1	1	0	1	1	1	0	0	1	0	0	1	0
1132	intersection32.tif	0	1	0	1	0	0	0	0	1	0	1	0	0	0	0	1	0	1	1	1	0	1	1	0	0	1	0	0	1	0
1133	intersection33.tif	0	1	0	1	0	0	0	0	1	0	1	0	0	0	0	1	0	1	1	1	0	1	1	0	0	1	0	0	1	0
1134	intersection34.tif	0	1	1	1	0	0	0	0	1	0	1	0	0	0	0	1	0	1	1	1	1	1	1	0	0	1	0	0	1	0
1135	intersection35.tif	0	0	1	1	0	0	0	1	1	0	1	0	0	0	0	1	0	1	1	0	1	1	1	1	1	1	0	0	1	0
1136	intersection36.tif	0	1	0	1	0	0	0	0	1	0	1	0	0	0	0	1	0	1	1	1	0	1	1	0	0	1	0	0	1	0
1137	intersection37.tif	0	1	1	1	0	0	0	0	1	0	1	0	0	0	0	1	0	1	1	1	1	1	1	0	0	1	0	0	1	0
1138	intersection38.tif	0	1	1	1	0	0	0	0	0	0	1	0	0	0	0	1	0	1	1	1	1	1	0	0	0	1	0	0	1	0
1139	intersection39.tif	0	1	1	1	0	0	0	0	1	0	1	0	0	0	0	1	0	1	1	1	1	1	1	0	0	1	0	0	1	0
1140	intersection40.tif	0	1	1	1	0	0	0	0	0	0	1	0	0	0	0	1	0	1	1	1	1	1	0	0	0	1	0	0	1	0
1141	intersection41.tif	0	1	1	1	0	0	0	0	0	0	1	0	0	0	0	1	0	1	1	1	1	1	0	0	0	1	0	0	1	0
1142	intersection42.tif	0	1	1	1	0	0	0	0	0	0	1	0	0	0	0	1	0	1	1	1	1	1	0	0	0	1	0	0	1	0
1143	intersection43.tif	0	1	1	1	0	0	0	0	1	0	1	0	0	0	0	1	0	1	1	1	1	1	1	0	0	1	0	0	1	0
1144	intersection44.tif	0	1	0	1	0	0	0	0	1	0	1	0	0	0	0	1	0	1	1	1	0	1	1	0	0	1	0	0	1	0
1145	intersection45.tif	0	1	0	1	0	0	0	0	1	0	1	0	0	0	0	1	0	1	1	1	0	1	1	0	0	1	0	0	1	0
1146	intersection46.tif	0	0	1	1	0	0	0	0	1	0	1	0	0	0	0	1	0	1	1	0	1	1	1	0	0	1	0	0	1	0
1147	intersection47.tif	0	1	1	1	0	0	0	0	0	0	1	0	0	0	0	1	0	1	1	1	1	1	0	0	0	1	0	0	1	0
1148	intersection48.tif	0	1	0	1	0	0	0	0	0	0	1	0	0	0	0	0	0	1	1	1	0	0	0	0	0	1	0	0	0	0
1149	intersection49.tif	0	0	1	1	0	0	0	0	1	0	1	0	0	0	0	1	0	1	1	0	1	1	1	0	0	1	0	0	1	0
1150	intersection50.tif	0	1	0	1	0	0	0	0	0	1	1	0	0	0	0	1	0	1	1	1	1	1	0	0	0	1	0	0	1	0
1151	intersection51.tif	0	1	0	1	0	0	0	0	1	1	1	0	0	0	0	1	0	1	1	1	1	1	1	0	0	1	0	0	1	0
1152	intersection52.tif	0	1	0	1	0	0	0	0	1	0	1	0	0	0	0	1	0	1	1	1	0	1	1	0	0	1	0	0	1	0
1153	intersection53.tif	0	1	1	1	0	0	0	0	0	0	1	0	0	0	0	0	0	1	1	1	1	0	0	0	0	1	0	0	0	0
1154	intersection54.tif	0	1	1	1	0	0	0	0	0	0	1	0	0	0	0	1	0	1	1	1	1	1	0	0	0	1	0	0	1	0
1155	intersection55.tif	0	1	0	1	0	0	0	0	0	0	1	0	0	0	0	1	0	1	1	1	0	1	0	0	0	1	0	0	1	0
1156	intersection56.tif	0	1	0	1	0	0	0	0	1	0	1	0	0	0	0	1	0	1	1	1	0	1	1	0	0	1	0	0	1	0
1157	intersection57.tif	0	1	1	1	0	0	0	0	1	0	1	0	0	0	0	1	0	1	1	1	1	1	1	0	0	1	0	0	1	0
1158	intersection58.tif	0	1	0	1	0	0	0	0	1	0	1	0	0	0	0	1	0	1	1	1	0	1	1	0	0	1	0	0	1	0
1159	intersection59.tif	0	1	1	1	0	0	0	0	0	0	1	0	0	0	0	1	0	1	1	1	1	1	0	0	0	1	0	0	1	0
1160	intersection60.tif	0	0	1	0	0	0	0	0	1	0	1	0	0	0	0	0	0	1	0	0	1	1	1	0	0	1	0	0	0	0
1161	intersection61.tif	0	0	1	1	0	0	0	0	1	0	1	0	0	0	0	0	0	1	1	0	1	1	1	0	0	1	0	0	0	0
1162	intersection62.tif	0	0	0	1	0	0	0	0	1	0	1	0	0	0	0	1	0	1	1	0	0	1	1	0	0	1	0	0	1	0
1163	intersection63.tif	0	0	0	1	0	0	0	0	1	0	1	0	0	0	0	0	0	1	1	0	0	1	1	0	0	1	0	0	0	0
1164	intersection64.tif	0	0	1	1	0	0	0	0	1	0	1	0	0	0	0	1	0	1	1	0	1	1	1	0	0	1	0	0	1	0
1165	intersection65.tif	0	0	1	1	0	0	0	0	1	0	1	0	0	0	0	1	0	1	1	0	1	1	1	0	0	1	0	0	1	0
1166	intersection66.tif	0	0	1	1	0	0	0	0	1	0	1	0	0	0	0	1	0	1	1	0	1	1	1	0	0	1	0	0	1	0
1167	intersection67.tif	0	0	1	1	0	0	0	0	1	0	1	0	0	0	0	1	0	1	1	0	1	1	1	0	0	1	0	0	1	0
1168	intersection68.tif	0	0	1	1	0	0	0	0	1	0	1	0	0	0	0	1	0	1	1	0	1	1	1	0	0	1	0	0	1	0
1169	intersection69.tif	0	1	1	1	0	0	0	0	1	0	1	0	0	0	0	1	0	1	1	1	1	1	1	0	0	1	0	0	1	0
1170	intersection70.tif	0	0	1	1	0	0	0	0	0	0	1	0	0	0	0	0	0	1	1	0	1	0	0	0	0	1	0	0	0	0
1171	intersection71.tif	0	0	1	1	0	0	0	0	0	0	1	0	0	0	0	0	0	1	1	0	1	0	0	0	0	1	0	0	0	0
1172	intersection72.tif	0	0	1	1	0	0	0	0	0	0	1	0	0	0	0	0	0	1	1	0	1	0	0	0	0	1	0	0	0	0
1173	intersection73.tif	0	0	1	1	0	0	0	0	0	0	1	0	0	0	0	0	0	1	1	0	1	0	0	0	0	1	0	0	0	0
1174	intersection74.tif	0	1	1	1	0	0	0	0	0	0	1	0	0	0	0	1	0	1	1	1	1	1	0	0	0	1	0	0	1	0
1175	intersection75.tif	0	1	1	1	0	0	0	0	0	0	1	0	0	0	0	0	0	1	1	1	1	0	0	0	0	1	0	0	0	0
1176	intersection76.tif	0	0	1	0	0	0	0	0	1	0	1	0	0	0	0	0	0	1	0	0	1	1	1	0	0	1	0	0	0	0
1177	intersection77.tif	0	0	1	1	0	0	0	0	1	0	1	0	0	0	0	1	0	1	1	0	1	1	1	0	0	1	0	0	1	0
1178	intersection78.tif	0	1	0	1	0	0	0	0	1	0	1	0	0	0	0	0	0	1	1	1	0	1	1	0	0	1	0	0	0	0
1179	intersection79.tif	0	0	1	1	0	0	0	0	1	0	1	0	0	0	0	1	0	1	1	0	1	1	1	0	0	1	0	0	1	0
1180	intersection80.tif	0	1	1	1	0	0	0	0	1	0	1	0	0	0	0	1	0	1	1	1	1	1	1	0	0	1	0	0	1	0
1181	intersection81.tif	0	0	1	1	0	0	0	0	1	0	1	0	0	0	0	1	0	1	1	0	1	1	1	0	0	1	0	0	1	0
1182	intersection82.tif	0	0	1	1	0	0	0	0	1	0	1	0	0	0	0	1	0	1	1	0	1	1	1	0	0	1	0	0	1	0
1183	intersection83.tif	0	1	1	1	0	0	0	0	1	0	1	0	0	0	0	1	0	1	1	1	1	1	1	0	0	1	0	0	1	0
1184	intersection84.tif	0	1	0	0	0	0	0	0	1	0	1	0	0	0	0	1	0	1	0	1	0	1	1	0	0	1	0	0	1	0
1185	intersection85.tif	0	0	0	1	0	0	0	0	1	0	1	0	0	0	0	1	0	1	1	0	0	1	1	0	0	1	0	0	1	0
1186	intersection86.tif	0	1	1	1	0	0	0	0	0	0	1	0	0	0	0	1	0	1	1	1	1	1	0	0	0	1	0	0	1	0
1187	intersection87.tif	0	1	0	1	0	0	0	0	1	0	1	0	0	0	0	1	0	1	1	1	0	1	1	0	0	1	0	0	1	0
1188	intersection88.tif	0	1	1	1	0	0	0	0	0	0	1	0	0	0	0	1	0	1	1	1	1	1	0	0	0	1	0	0	1	0
1189	intersection89.tif	0	1	0	1	0	0	0	0	0	0	1	0	0	0	0	1	0	1	1	1	0	1	0	0	0	1	0	0	1	0
1190	intersection90.tif	0	1	0	1	0	0	0	0	0	0	1	0	0	0	0	0	0	1	1	1	0	0	0	0	0	1	0	0	0	0
1191	intersection91.tif	0	1	0	1	0	0	0	0	0	0	1	0	0	0	0	1	0	1	1	1	0	1	0	0	0	1	0	0	1	0
1192	intersection92.tif	0	1	0	1	0	0	0	0	0	0	1	0	0	0	0	1	0	1	1	1	0	1	0	0	0	1	0	0	1	0
1193	intersection93.tif	0	1	1	1	0	0	0	0	1	0	1	0	0	0	0	1	0	1	1	1	1	1	1	0	0	1	0	0	1	0
1194	intersection94.tif	0	0	1	1	0	0	0	0	1	0	1	0	0	0	0	1	0	1	1	0	1	1	1	0	0	1	0	0	1	0
1195	intersection95.tif	0	1	1	1	0	0	0	0	1	0	1	0	0	0	0	1	0	1	1	1	1	1	1	0	0	1	0	0	1	0
1196	intersection96.tif	0	1	1	1	0	0	0	0	0	0	1	0	0	0	0	1	0	1	1	1	1	1	0	0	0	1	0	0	1	0
1197	intersection97.tif	0	0	1	1	0	0	0	0	1	0	1	0	0	0	0	1	0	1	1	0	1	1	1	0	0	1	0	0	1	0
1198	intersection98.tif	0	1	1	1	0	0	0	0	0	0	1	0	0	0	0	1	0	1	1	1	1	1	0	0	0	1	0	0	1	0
1199	intersection99.tif	0	1	1	1	0	0	0	0	0	0	1	0	0	0	0	1	0	1	1	1	1	1	0	0	0	1	0	0	1	0
1200	mediumresidential00.tif	0	0	1	1	0	0	0	0	1	0	0	0	0	0	0	1	0	1	1	0	1	1	1	0	0	0	0	0	1	0
1201	mediumresidential01.tif	0	0	1	1	0	0	0	0	1	0	0	0	0	0	0	1	0	1	1	0	1	1	1	0	0	0	0	0	1	0
1202	mediumresidential02.tif	0	0	1	1	0	0	0	0	1	0	0	0	0	0	0	1	0	1	1	0	1	1	1	0	0	0	0	0	1	0
1203	mediumresidential03.tif	0	1	1	1	0	0	0	0	1	0	0	0	0	0	0	1	0	1	1	1	1	1	1	0	0	0	0	0	1	0
1204	mediumresidential04.tif	0	0	1	1	0	0	0	0	1	0	0	0	0	0	0	1	0	1	1	0	1	1	1	0	0	0	0	0	1	0
1205	mediumresidential05.tif	0	1	1	1	0	0	0	0	1	0	0	0	0	0	0	1	0	1	1	1	1	1	1	0	0	0	0	0	1	0
1206	mediumresidential06.tif	0	0	1	1	0	0	0	0	1	0	1	0	0	0	0	1	0	1	1	0	1	1	1	0	0	1	0	0	1	0
1207	mediumresidential07.tif	0	0	1	1	0	0	0	0	1	0	0	0	0	0	0	1	0	1	1	0	1	1	1	0	0	0	0	0	1	0
1208	mediumresidential08.tif	0	0	1	1	0	0	0	0	1	0	1	0	0	0	0	1	0	1	1	0	1	1	1	0	0	1	0	0	1	0
1209	mediumresidential09.tif	0	0	1	1	0	0	0	0	1	0	0	0	0	0	0	1	0	1	1	0	1	1	1	0	0	0	0	0	1	0
1210	mediumresidential10.tif	0	0	1	0	0	0	0	0	1	0	0	0	0	0	0	1	0	1	0	0	1	1	1	0	0	0	0	0	1	0
1211	mediumresidential11.tif	0	0	1	1	0	0	0	0	1	0	1	0	0	0	0	1	0	1	1	0	1	1	1	0	0	1	0	0	1	0
1212	mediumresidential12.tif	0	0	1	0	0	0	0	0	1	0	0	0	0	0	0	1	0	1	0	0	1	1	1	0	0	0	0	0	1	0
1213	mediumresidential13.tif	0	0	1	1	0	0	0	0	1	0	0	0	0	0	0	1	0	1	1	0	1	1	1	0	0	0	0	0	1	0
1214	mediumresidential14.tif	0	0	1	1	0	0	0	0	1	0	0	0	0	0	0	1	0	1	1	0	1	1	1	0	0	0	0	0	1	0
1215	mediumresidential15.tif	0	0	1	1	0	0	0	0	1	0	0	0	0	0	0	1	0	1	1	0	1	1	1	0	0	0	0	0	1	0
1216	mediumresidential16.tif	0	0	1	1	0	0	0	0	1	0	0	0	0	0	0	1	0	1	1	0	1	1	1	0	0	0	0	0	1	0
1217	mediumresidential17.tif	0	0	1	1	0	0	0	0	1	0	1	0	0	0	0	1	0	1	1	0	1	1	1	0	0	1	0	0	1	0
1218	mediumresidential18.tif	0	1	1	1	0	0	0	0	1	0	1	0	0	0	0	1	0	1	1	1	1	1	1	0	0	1	0	0	1	0
1219	mediumresidential19.tif	0	1	1	1	0	0	0	0	1	0	0	0	0	0	0	1	0	1	1	1	1	1	1	0	0	0	0	0	1	0
1220	mediumresidential20.tif	0	1	1	1	0	0	0	0	1	0	1	0	0	0	0	1	0	1	1	1	1	1	1	0	0	1	0	0	1	0
1221	mediumresidential21.tif	0	0	1	1	0	0	0	0	1	0	1	0	0	0	0	1	0	1	1	0	1	1	1	0	0	1	0	0	1	0
1222	mediumresidential22.tif	0	0	1	1	0	0	0	0	1	0	1	0	0	0	0	1	0	1	1	0	1	1	1	0	0	1	0	0	1	0
1223	mediumresidential23.tif	0	0	1	1	0	0	0	0	1	0	1	0	0	0	0	1	0	1	1	0	1	1	1	0	0	1	0	0	1	0
1224	mediumresidential24.tif	0	0	1	1	0	0	0	0	1	0	1	0	0	0	0	1	0	1	1	0	1	1	1	0	0	1	0	0	1	0
1225	mediumresidential25.tif	0	0	1	1	0	0	0	0	1	0	1	0	0	0	0	1	0	1	1	0	1	1	1	0	0	1	0	0	1	0
1226	mediumresidential26.tif	0	0	1	1	0	0	0	0	1	0	1	0	0	0	0	1	0	1	1	0	1	1	1	0	0	1	0	0	1	0
1227	mediumresidential27.tif	0	0	1	1	0	0	0	0	1	0	1	0	0	0	0	1	0	1	1	0	1	1	1	0	0	1	0	0	1	0
1228	mediumresidential28.tif	0	1	1	1	0	0	0	0	1	0	1	0	0	0	0	1	0	1	1	1	1	1	1	0	0	1	0	0	1	0
1229	mediumresidential29.tif	0	1	1	1	0	0	0	0	1	0	1	0	0	0	0	1	0	1	1	1	1	1	1	0	0	1	0	0	1	0
1230	mediumresidential30.tif	0	1	1	1	0	0	0	0	1	0	1	0	0	0	0	1	0	1	1	1	1	1	1	0	0	1	0	0	1	0
1231	mediumresidential31.tif	0	1	1	1	0	0	0	0	1	0	1	0	0	0	0	1	0	1	1	1	1	1	1	0	0	1	0	0	1	0
1232	mediumresidential32.tif	0	1	1	1	0	0	0	0	1	0	1	0	0	0	0	1	0	1	1	1	1	1	1	0	0	1	0	0	1	0
1233	mediumresidential33.tif	0	1	1	1	0	0	0	0	0	0	1	0	0	0	0	1	0	1	1	1	1	1	0	0	0	1	0	0	1	0
1234	mediumresidential34.tif	0	1	1	1	0	0	0	0	1	0	1	0	0	0	0	1	0	1	1	1	1	1	1	0	0	1	0	0	1	0
1235	mediumresidential35.tif	0	1	1	1	0	0	0	0	0	0	0	0	0	0	0	1	0	1	1	1	1	1	0	0	0	0	0	0	1	0
1236	mediumresidential36.tif	0	1	1	1	0	0	0	0	0	0	0	0	0	0	0	1	0	1	1	1	1	1	0	0	0	0	0	0	1	0
1237	mediumresidential37.tif	0	1	1	1	0	0	0	0	1	0	0	0	0	0	0	1	0	1	1	1	1	1	1	0	0	0	0	0	1	0
1238	mediumresidential38.tif	0	1	1	1	0	0	0	0	0	0	1	0	0	0	0	1	0	1	1	1	1	1	0	0	0	1	0	0	1	0
1239	mediumresidential39.tif	0	1	1	1	0	0	0	0	0	0	0	0	0	0	0	1	0	1	1	1	1	1	0	0	0	0	0	0	1	0
1240	mediumresidential40.tif	0	1	1	1	0	0	0	0	1	0	1	0	0	0	0	1	0	1	1	1	1	1	1	0	0	1	0	0	1	0
1241	mediumresidential41.tif	0	1	1	1	0	0	0	0	1	0	1	0	0	0	0	1	0	1	1	1	1	1	1	0	0	1	0	0	1	0
1242	mediumresidential42.tif	0	1	1	1	0	0	0	0	0	0	1	0	0	0	0	1	0	1	1	1	1	1	0	0	0	1	0	0	1	0
1243	mediumresidential43.tif	0	1	1	1	0	0	0	0	0	0	0	0	0	0	0	1	0	1	1	1	1	1	0	0	0	0	0	0	1	0
1244	mediumresidential44.tif	0	1	1	1	0	0	0	0	1	0	0	0	0	0	0	1	0	1	1	1	1	1	1	0	0	0	0	0	1	0
1245	mediumresidential45.tif	0	1	1	1	0	0	0	0	0	0	1	0	0	0	0	1	0	1	1	1	1	1	0	0	0	1	0	0	1	0
1246	mediumresidential46.tif	0	1	1	1	0	0	0	0	1	0	1	0	0	0	0	1	0	1	1	1	1	1	1	0	0	1	0	0	1	0
1247	mediumresidential47.tif	0	1	1	1	0	0	0	0	1	0	0	0	0	0	0	1	0	1	1	1	1	1	1	0	0	0	0	0	1	0
1248	mediumresidential48.tif	0	1	1	1	0	0	0	0	1	0	1	0	0	0	0	1	0	1	1	1	1	1	1	0	0	1	0	0	1	0
1249	mediumresidential49.tif	0	1	1	1	0	0	0	0	0	0	1	0	0	0	0	1	0	1	1	1	1	1	0	0	0	1	0	0	1	0
1250	mediumresidential50.tif	0	1	1	1	0	0	0	0	1	0	0	0	0	0	0	1	0	1	1	1	1	1	1	0	0	0	0	0	1	0
1251	mediumresidential51.tif	0	1	1	1	0	0	0	0	1	0	1	0	0	0	0	1	0	1	1	1	1	1	1	0	0	1	0	0	1	0
1252	mediumresidential52.tif	0	1	1	1	0	0	0	0	1	0	1	0	0	0	0	1	0	1	1	1	1	1	1	0	0	1	0	0	1	0
1253	mediumresidential53.tif	0	1	1	1	0	0	0	0	0	0	1	0	0	0	0	1	0	1	1	1	1	1	0	0	0	1	0	0	1	0
1254	mediumresidential54.tif	0	1	1	1	0	0	0	0	1	0	0	0	0	0	0	1	0	1	1	1	1	1	1	0	0	0	0	0	1	0
1255	mediumresidential55.tif	0	1	1	1	0	0	0	0	0	0	0	0	0	0	0	1	0	1	1	1	1	1	0	0	0	0	0	0	1	0
1256	mediumresidential56.tif	0	1	1	1	0	0	0	0	1	0	1	0	0	0	0	0	0	1	1	1	1	1	1	0	0	1	0	0	0	0
1257	mediumresidential57.tif	0	0	1	1	0	0	0	0	1	0	1	0	0	0	0	0	0	1	1	0	1	1	1	0	0	1	0	0	0	0
1258	mediumresidential58.tif	0	0	1	1	0	0	0	0	1	0	1	0	0	0	0	0	0	1	1	0	1	1	1	0	0	1	0	0	0	0
1259	mediumresidential59.tif	0	1	1	1	0	0	0	0	1	0	1	0	0	0	0	1	0	1	1	1	1	1	1	0	0	1	0	0	1	0
1260	mediumresidential60.tif	0	0	1	1	0	0	0	0	1	0	1	0	0	0	0	1	0	1	1	0	1	1	1	0	0	1	0	0	1	0
1261	mediumresidential61.tif	0	0	1	1	0	0	0	0	1	0	1	0	0	0	0	1	0	1	1	0	1	1	1	0	0	1	0	0	1	0
1262	mediumresidential62.tif	0	0	1	1	0	0	0	0	1	0	1	0	0	0	0	1	0	1	1	0	1	1	1	0	0	1	0	0	1	0
1263	mediumresidential63.tif	0	0	1	1	0	0	0	0	1	0	1	0	0	0	0	1	0	1	1	0	1	1	1	0	0	1	0	0	1	0
1264	mediumresidential64.tif	0	1	1	1	0	0	0	0	1	0	1	0	0	0	0	1	0	1	1	1	1	1	1	0	0	1	0	0	1	0
1265	mediumresidential65.tif	0	1	1	1	0	0	0	0	1	0	1	0	0	0	0	1	0	1	1	1	1	1	1	0	0	1	0	0	1	0
1266	mediumresidential66.tif	0	1	1	1	0	0	0	0	1	0	1	0	0	0	0	1	0	1	1	1	1	1	1	0	0	1	0	0	1	0
1267	mediumresidential67.tif	0	1	1	1	0	0	0	0	1	0	1	0	0	0	0	1	0	1	1	1	1	1	1	0	0	1	0	0	1	0
1268	mediumresidential68.tif	0	0	1	1	0	0	0	0	1	0	1	0	0	0	0	1	0	1	1	0	1	1	1	0	0	1	0	0	1	0
1269	mediumresidential69.tif	0	0	1	1	0	0	0	0	1	0	0	0	0	0	0	1	0	1	1	0	1	1	1	0	0	0	0	0	1	0
1270	mediumresidential70.tif	0	0	1	1	0	0	0	0	0	0	1	0	0	0	0	1	0	1	1	0	1	1	0	0	0	1	0	0	1	0
1271	mediumresidential71.tif	0	0	1	1	0	0	0	0	1	0	1	0	0	0	0	1	0	1	1	0	1	1	1	0	0	1	0	0	1	0
1272	mediumresidential72.tif	0	0	1	1	0	0	0	0	1	0	0	0	0	0	0	1	0	1	1	0	1	1	1	0	0	0	0	0	1	0
1273	mediumresidential73.tif	0	0	1	1	0	0	0	0	1	0	1	0	0	0	0	1	0	1	1	0	1	1	1	0	0	1	0	0	1	0
1274	mediumresidential74.tif	0	0	1	1	0	0	0	0	1	0	1	0	0	0	0	1	0	1	1	0	1	1	1	0	0	1	0	0	1	0
1275	mediumresidential75.tif	0	0	1	1	0	0	0	0	1	0	1	0	0	0	0	1	0	1	1	0	1	1	1	0	0	1	0	0	1	0
1276	mediumresidential76.tif	0	0	1	1	0	0	0	0	1	0	1	0	0	0	0	0	0	1	1	0	1	1	1	0	0	1	0	0	0	0
1277	mediumresidential77.tif	0	0	1	1	0	0	0	0	1	0	1	0	0	0	0	0	0	1	1	0	1	1	1	0	0	1	0	0	0	0
1278	mediumresidential78.tif	0	0	1	1	0	0	0	0	1	0	1	0	0	0	0	0	0	1	1	0	1	1	1	0	0	1	0	0	0	0
1279	mediumresidential79.tif	0	0	1	1	0	0	0	0	1	0	1	0	0	0	0	0	0	1	1	0	1	1	1	0	0	1	0	0	0	0
1280	mediumresidential80.tif	0	0	1	1	0	0	0	0	1	0	1	0	0	0	0	0	0	1	1	0	1	1	1	0	0	1	0	0	0	0
1281	mediumresidential81.tif	0	0	1	1	0	0	0	0	1	0	1	0	0	0	0	1	0	1	1	0	1	1	1	0	0	1	0	0	1	0
1282	mediumresidential82.tif	0	0	1	1	0	0	0	0	1	0	0	0	0	0	0	1	0	1	1	0	1	1	1	0	0	0	0	0	1	0
1283	mediumresidential83.tif	0	0	1	1	0	0	0	0	1	0	1	0	0	0	0	1	0	1	1	0	1	1	1	0	0	1	0	0	1	0
1284	mediumresidential84.tif	0	0	1	1	0	0	0	0	1	0	1	0	0	0	0	1	0	1	1	0	1	1	1	0	0	1	0	0	1	0
1285	mediumresidential85.tif	0	0	1	1	0	0	0	0	1	0	1	0	0	0	0	1	0	1	1	0	1	1	1	0	0	1	0	0	1	0
1286	mediumresidential86.tif	0	0	1	0	0	0	0	0	1	0	0	0	0	0	0	1	0	1	0	0	1	1	1	0	0	0	0	0	1	0
1287	mediumresidential87.tif	0	0	1	1	0	0	0	0	1	0	1	0	0	0	0	1	0	1	1	0	1	1	1	0	0	1	0	0	1	0
1288	mediumresidential88.tif	0	0	1	1	0	0	0	0	1	0	0	0	0	0	0	1	0	1	1	0	1	1	1	0	0	0	0	0	1	0
1289	mediumresidential89.tif	0	0	1	1	0	0	0	0	1	0	0	0	0	0	0	1	0	1	1	0	1	1	1	0	0	0	0	0	1	0
1290	mediumresidential90.tif	0	0	1	1	0	0	0	0	1	0	0	0	0	0	0	1	0	1	1	0	1	1	1	0	0	0	0	0	1	0
1291	mediumresidential91.tif	0	0	1	1	0	0	0	0	1	0	0	0	0	0	0	1	0	1	1	0	1	1	1	0	0	0	0	0	1	0
1292	mediumresidential92.tif	0	1	1	0	0	0	0	0	1	0	1	0	0	0	0	1	0	1	0	1	1	1	1	0	0	1	0	0	1	0
1293	mediumresidential93.tif	0	0	1	1	0	0	0	0	1	0	1	0	0	0	0	0	0	1	1	0	1	1	1	0	0	1	0	0	0	0
1294	mediumresidential94.tif	0	0	1	1	0	0	0	0	1	0	1	0	0	0	0	1	0	1	1	0	1	1	1	0	0	1	0	0	1	0
1295	mediumresidential95.tif	0	1	1	1	0	0	0	0	1	0	1	0	0	0	0	1	0	1	1	1	1	1	1	0	0	1	0	0	1	0
1296	mediumresidential96.tif	0	0	1	1	0	0	0	0	1	0	1	0	0	0	0	1	0	1	1	0	1	1	1	0	0	1	0	0	1	0
1297	mediumresidential97.tif	0	1	1	1	0	0	0	0	1	0	1	0	0	0	0	1	0	1	1	1	1	1	1	0	0	1	0	0	1	0
1298	mediumresidential98.tif	0	0	1	1	0	0	0	0	1	0	0	0	0	0	0	1	0	1	1	0	1	1	1	0	0	0	0	0	1	0
1299	mediumresidential99.tif	0	0	1	0	0	0	0	0	1	0	0	0	0	0	0	1	0	1	0	0	1	1	1	0	0	0	0	0	1	0
1300	mobilehomepark00.tif	0	0	0	1	0	0	0	0	0	1	1	0	0	0	0	1	0	1	1	0	1	1	0	0	0	1	0	0	1	0
1301	mobilehomepark01.tif	0	0	0	1	0	0	0	0	1	1	1	0	0	0	0	1	0	1	1	0	1	1	1	0	0	1	0	0	1	0
1302	mobilehomepark02.tif	0	1	0	1	0	0	0	0	0	1	1	0	0	0	0	1	0	1	1	1	1	1	0	0	0	1	0	0	1	0
1303	mobilehomepark03.tif	0	1	0	1	0	0	0	0	0	1	1	0	0	0	0	1	0	1	1	1	1	1	0	0	0	1	0	0	1	0
1304	mobilehomepark04.tif	0	1	0	1	0	0	0	0	0	1	1	0	0	0	0	1	0	1	1	1	1	1	0	0	0	1	0	0	1	0
1305	mobilehomepark05.tif	0	1	0	1	0	0	0	0	0	1	1	0	0	0	0	1	0	1	1	1	1	1	0	0	0	1	0	0	1	0
1306	mobilehomepark06.tif	0	1	0	1	0	0	0	0	0	1	1	0	0	0	0	1	0	1	1	1	1	1	0	0	0	1	0	0	1	0
1307	mobilehomepark07.tif	0	1	0	1	0	0	0	0	0	1	1	0	0	0	0	1	0	1	1	1	1	1	0	0	0	1	0	0	1	0
1308	mobilehomepark08.tif	0	1	0	1	0	0	0	0	1	1	1	0	0	0	0	1	0	1	1	1	1	1	1	0	0	1	0	0	1	0
1309	mobilehomepark09.tif	0	0	0	1	0	0	0	0	1	1	1	0	0	0	0	1	0	1	1	0	1	1	1	0	0	1	0	0	1	0
1310	mobilehomepark10.tif	0	1	0	1	0	0	0	0	0	1	1	0	0	0	0	1	0	1	1	1	1	1	0	0	0	1	0	0	1	0
1311	mobilehomepark11.tif	0	1	0	0	0	0	0	0	0	1	1	0	0	0	0	1	0	1	0	1	1	1	0	0	0	1	0	0	1	0
1312	mobilehomepark12.tif	0	1	0	1	0	0	0	0	0	1	1	0	0	0	0	1	0	1	1	1	1	1	0	0	0	1	0	0	1	0
1313	mobilehomepark13.tif	0	1	0	1	0	0	0	0	0	1	1	0	0	0	0	1	0	1	1	1	1	1	0	0	0	1	0	0	1	0
1314	mobilehomepark14.tif	0	1	0	1	0	0	0	0	0	1	1	0	0	0	0	1	0	1	1	1	1	1	0	0	0	1	0	0	1	0
1315	mobilehomepark15.tif	0	1	0	1	0	0	0	0	0	1	1	0	0	0	0	1	0	1	1	1	1	1	0	0	0	1	0	0	1	0
1316	mobilehomepark16.tif	0	1	0	1	0	0	0	0	0	1	1	0	0	0	0	1	0	1	1	1	1	1	0	0	0	1	0	0	1	0
1317	mobilehomepark17.tif	0	0	0	1	0	0	0	0	0	1	1	0	0	0	0	1	0	1	1	0	1	1	0	0	0	1	0	0	1	0
1318	mobilehomepark18.tif	0	0	0	1	0	0	0	0	1	1	1	0	0	0	0	1	0	1	1	0	1	1	1	0	0	1	0	0	1	0
1319	mobilehomepark19.tif	0	0	0	1	0	0	0	0	0	1	1	0	0	0	0	1	0	1	1	0	1	1	0	0	0	1	0	0	1	0
1320	mobilehomepark20.tif	0	0	0	0	0	0	0	0	0	1	1	0	0	0	0	1	0	1	0	0	1	1	0	0	0	1	0	0	1	0
1321	mobilehomepark21.tif	0	0	0	1	0	0	0	0	0	1	1	0	0	0	0	1	0	1	1	0	1	1	0	0	0	1	0	0	1	0
1322	mobilehomepark22.tif	0	1	0	1	0	0	0	0	0	1	1	0	0	0	0	1	0	1	1	1	1	1	0	0	0	1	0	0	1	0
1323	mobilehomepark23.tif	0	1	0	1	0	0	0	0	1	1	1	0	0	0	0	1	0	1	1	1	1	1	1	0	0	1	0	0	1	0
1324	mobilehomepark24.tif	0	0	0	1	0	0	0	0	1	1	1	0	0	0	0	1	0	1	1	0	1	1	1	0	0	1	0	0	1	0
1325	mobilehomepark25.tif	0	0	0	1	0	0	0	0	1	1	1	0	0	0	0	1	0	1	1	0	1	1	1	0	0	1	0	0	1	0
1326	mobilehomepark26.tif	0	0	0	1	0	0	0	0	0	1	1	0	0	0	0	0	0	1	1	0	1	0	0	0	0	1	0	0	0	0
1327	mobilehomepark27.tif	0	1	0	1	0	0	0	0	0	1	1	0	0	0	0	0	0	1	1	1	1	0	0	0	0	1	0	0	0	0
1328	mobilehomepark28.tif	0	1	0	1	0	0	0	0	1	1	1	0	0	0	0	1	0	1	1	1	1	1	1	0	0	1	0	0	1	0
1329	mobilehomepark29.tif	0	1	0	1	0	0	0	0	1	1	1	0	0	0	0	1	0	1	1	1	1	1	1	0	0	1	0	0	1	0
1330	mobilehomepark30.tif	0	0	0	1	0	0	0	0	1	1	1	0	0	0	0	1	0	1	1	0	1	1	1	0	0	1	0	0	1	0
1331	mobilehomepark31.tif	0	0	0	1	0	0	0	0	1	1	1	0	0	0	0	1	0	1	1	0	1	1	1	0	0	1	0	0	1	0
1332	mobilehomepark32.tif	0	0	0	1	0	0	0	0	1	1	1	0	0	0	0	1	0	1	1	0	1	1	1	0	0	1	0	0	1	0
1333	mobilehomepark33.tif	0	0	0	1	0	0	0	0	1	1	1	0	0	0	0	1	0	1	1	0	1	1	1	0	0	1	0	0	1	0
1334	mobilehomepark34.tif	0	0	0	1	0	0	0	0	1	1	1	0	0	0	0	1	0	1	1	0	1	1	1	0	0	1	0	0	1	0
1335	mobilehomepark35.tif	0	0	0	1	0	0	0	0	1	1	1	0	0	0	0	1	0	1	1	0	1	1	1	0	0	1	0	0	1	0
1336	mobilehomepark36.tif	0	0	0	1	0	0	0	0	1	1	1	0	0	0	0	1	0	1	1	0	1	1	1	0	0	1	0	0	1	0
1337	mobilehomepark37.tif	0	0	0	1	0	0	0	0	1	1	1	0	0	0	0	1	0	1	1	0	1	1	1	0	0	1	0	0	1	0
1338	mobilehomepark38.tif	0	0	0	1	0	0	0	0	1	1	1	0	0	0	0	1	0	1	1	0	1	1	1	0	0	1	0	0	1	0
1339	mobilehomepark39.tif	0	0	0	1	0	0	0	0	1	1	1	0	0	0	0	1	0	1	1	0	1	1	1	0	0	1	0	0	1	0
1340	mobilehomepark40.tif	0	0	0	1	0	0	0	0	0	1	1	0	0	0	0	1	0	1	1	0	1	1	0	0	0	1	0	0	1	0
1341	mobilehomepark41.tif	0	0	0	1	0	0	0	0	0	1	1	0	0	0	0	1	0	1	1	0	1	1	0	0	0	1	0	0	1	0
1342	mobilehomepark42.tif	0	0	0	1	0	0	0	0	0	1	1	0	0	0	0	1	0	1	1	0	1	1	0	0	0	1	0	0	1	0
1343	mobilehomepark43.tif	0	0	0	1	0	0	0	0	0	1	1	0	0	0	0	1	0	1	1	0	1	1	0	0	0	1	0	0	1	0
1344	mobilehomepark44.tif	0	0	0	1	0	0	0	0	0	1	1	0	0	0	0	1	0	1	1	0	1	1	0	0	0	1	0	0	1	0
1345	mobilehomepark45.tif	0	0	0	1	0	0	0	0	0	1	1	0	0	0	0	0	0	1	1	0	1	0	0	0	0	1	0	0	0	0
1346	mobilehomepark46.tif	0	0	0	1	0	0	0	0	1	1	1	0	0	0	0	1	0	1	1	0	1	1	1	0	0	1	0	0	1	0
1347	mobilehomepark47.tif	0	0	0	1	0	0	0	0	1	1	1	0	0	0	0	1	0	1	1	0	1	1	1	0	0	1	0	0	1	0
1348	mobilehomepark48.tif	0	0	0	1	0	0	0	0	0	1	1	0	0	0	0	1	0	1	1	0	1	1	0	0	0	1	0	0	1	0
1349	mobilehomepark49.tif	0	0	0	1	0	0	0	0	0	1	1	0	0	0	0	0	0	1	1	0	1	0	0	0	0	1	0	0	0	0
1350	mobilehomepark50.tif	0	0	0	1	0	0	0	0	1	1	1	0	0	0	0	1	0	1	1	0	1	1	1	0	0	1	0	0	1	0
1351	mobilehomepark51.tif	0	0	0	1	0	0	0	0	0	1	1	0	0	0	0	1	0	1	1	0	1	1	0	0	0	1	0	0	1	0
1352	mobilehomepark52.tif	0	0	0	1	0	0	0	0	1	1	1	0	0	0	0	1	0	1	1	0	1	1	1	0	0	1	0	0	1	0
1353	mobilehomepark53.tif	0	0	0	1	0	0	0	0	1	1	1	0	0	0	0	1	0	1	1	0	1	1	1	0	0	1	0	0	1	0
1354	mobilehomepark54.tif	0	0	0	1	0	0	0	0	1	1	1	0	0	0	0	1	0	1	1	0	1	1	1	0	0	1	0	0	1	0
1355	mobilehomepark55.tif	0	0	0	1	0	0	0	0	1	1	1	0	0	0	0	1	0	1	1	0	1	1	1	0	0	1	0	0	1	0
1356	mobilehomepark56.tif	0	0	0	1	0	0	0	0	1	1	1	0	0	0	0	1	0	1	1	0	1	1	1	0	0	1	0	0	1	0
1357	mobilehomepark57.tif	0	0	0	1	0	0	0	0	1	1	1	0	0	0	0	0	0	1	1	0	1	1	1	0	0	1	0	0	0	0
1358	mobilehomepark58.tif	0	0	0	1	0	0	0	0	1	1	1	0	0	0	0	1	0	1	1	0	1	1	1	0	0	1	0	0	1	0
1359	mobilehomepark59.tif	0	0	0	1	0	0	0	0	1	1	1	0	0	0	0	1	0	1	1	0	1	1	1	0	0	1	0	0	1	0
1360	mobilehomepark60.tif	0	0	0	1	0	0	0	0	1	1	1	0	0	0	0	1	0	1	1	0	1	1	1	0	0	1	0	0	1	0
1361	mobilehomepark61.tif	0	0	0	1	0	0	0	0	1	1	1	0	0	0	0	0	0	1	1	0	1	1	1	0	0	1	0	0	0	0
1362	mobilehomepark62.tif	0	0	0	1	0	0	0	0	1	1	1	0	0	0	0	1	0	1	1	0	1	1	1	0	0	1	0	0	1	0
1363	mobilehomepark63.tif	0	0	0	1	0	0	0	0	1	1	1	0	0	0	0	1	0	1	1	0	1	1	1	0	0	1	0	0	1	0
1364	mobilehomepark64.tif	0	0	0	1	0	0	0	0	1	1	1	0	0	0	0	1	0	1	1	0	1	1	1	0	0	1	0	0	1	0
1365	mobilehomepark65.tif	0	0	0	1	0	0	0	0	1	1	1	0	0	0	0	1	0	1	1	0	1	1	1	0	0	1	0	0	1	0
1366	mobilehomepark66.tif	0	0	0	1	0	0	0	0	1	1	1	0	0	0	0	1	0	1	1	0	1	1	1	0	0	1	0	0	1	0
1367	mobilehomepark67.tif	0	0	0	1	0	0	0	0	1	1	1	0	0	0	0	1	0	1	1	0	1	1	1	0	0	1	0	0	1	0
1368	mobilehomepark68.tif	0	0	0	1	0	0	0	0	1	1	1	0	0	0	0	1	0	1	1	0	1	1	1	0	0	1	0	0	1	0
1369	mobilehomepark69.tif	0	0	0	1	0	0	0	0	1	1	1	0	0	0	0	1	0	1	1	0	1	1	1	0	0	1	0	0	1	0
1370	mobilehomepark70.tif	0	0	0	1	0	0	0	0	1	1	1	0	0	0	0	1	0	1	1	0	1	1	1	0	0	1	0	0	1	0
1371	mobilehomepark71.tif	0	1	0	1	0	0	0	0	0	1	1	0	0	0	0	1	0	1	1	1	1	1	0	0	0	1	0	0	1	0
1372	mobilehomepark72.tif	0	1	0	1	0	0	0	0	1	1	1	0	0	0	0	1	0	1	1	1	1	1	1	0	0	1	0	0	1	0
1373	mobilehomepark73.tif	0	1	0	1	0	0	0	0	1	1	1	0	0	0	0	1	0	1	1	1	1	1	1	0	0	1	0	0	1	0
1374	mobilehomepark74.tif	0	1	0	1	0	0	0	0	0	1	1	0	0	0	0	1	0	1	1	1	1	1	0	0	0	1	0	0	1	0
1375	mobilehomepark75.tif	0	1	0	1	0	0	0	0	0	1	1	0	0	0	0	1	0	1	1	1	1	1	0	0	0	1	0	0	1	0
1376	mobilehomepark76.tif	0	1	0	1	0	0	0	0	0	1	1	0	0	0	0	0	0	1	1	1	1	0	0	0	0	1	0	0	0	0
1377	mobilehomepark77.tif	0	1	0	1	0	0	0	0	0	1	1	0	0	0	0	1	0	1	1	1	1	1	0	0	0	1	0	0	1	0
1378	mobilehomepark78.tif	0	0	0	1	0	0	0	0	1	1	1	0	0	0	0	1	0	1	1	0	1	1	1	0	0	1	0	0	1	0
1379	mobilehomepark79.tif	0	0	0	1	0	0	0	0	1	1	1	0	0	0	0	1	0	1	1	0	1	1	1	0	0	1	0	0	1	0
1380	mobilehomepark80.tif	0	0	0	1	0	0	0	0	1	1	1	0	0	0	0	0	0	1	1	0	1	1	1	0	0	1	0	0	0	0
1381	mobilehomepark81.tif	0	0	0	1	0	0	0	0	1	1	1	0	0	0	0	0	0	1	1	0	1	1	1	0	0	1	0	0	0	0
1382	mobilehomepark82.tif	0	0	0	1	0	0	0	0	1	1	1	0	0	0	0	1	0	1	1	0	1	1	1	0	0	1	0	0	1	0
1383	mobilehomepark83.tif	0	1	0	0	0	0	0	0	0	1	1	0	0	0	0	1	0	1	0	1	1	1	0	0	0	1	0	0	1	0
1384	mobilehomepark84.tif	0	0	0	0	0	0	0	0	0	1	1	0	0	0	0	1	0	1	0	0	1	1	0	0	0	1	0	0	1	0
1385	mobilehomepark85.tif	0	1	0	0	0	0	0	0	0	1	1	0	0	0	0	1	0	1	0	1	1	1	0	0	0	1	0	0	1	0
1386	mobilehomepark86.tif	0	1	0	0	0	0	0	0	0	1	1	0	0	0	0	1	0	1	0	1	1	1	0	0	0	1	0	0	1	0
1387	mobilehomepark87.tif	0	0	0	0	0	0	0	0	0	1	1	0	0	0	0	1	0	1	0	0	1	1	0	0	0	1	0	0	1	0
1388	mobilehomepark88.tif	0	0	0	0	0	0	0	0	1	1	1	0	0	0	0	1	0	1	0	0	1	1	1	0	0	1	0	0	1	0
1389	mobilehomepark89.tif	0	1	0	1	0	0	0	0	0	1	1	0	0	0	0	1	0	1	1	1	1	1	0	0	0	1	0	0	1	0
1390	mobilehomepark90.tif	0	1	0	0	0	0	0	0	0	1	1	0	0	0	0	1	0	1	0	1	1	1	0	0	0	1	0	0	1	0
1391	mobilehomepark91.tif	0	1	0	1	0	0	0	0	0	1	1	0	0	0	0	1	0	1	1	1	1	1	0	0	0	1	0	0	1	0
1392	mobilehomepark92.tif	0	1	0	1	0	0	0	0	1	1	1	0	0	0	0	1	0	1	1	1	1	1	1	0	0	1	0	0	1	0
1393	mobilehomepark93.tif	0	1	0	0	0	0	0	0	0	1	1	0	0	0	0	1	0	1	0	1	1	1	0	0	0	1	0	0	1	0
1394	mobilehomepark94.tif	0	1	0	1	0	0	0	0	0	1	1	0	0	0	0	1	0	1	1	1	1	1	0	0	0	1	0	0	1	0
1395	mobilehomepark95.tif	0	0	0	1	0	0	0	0	0	1	1	0	0	0	0	1	0	1	1	0	1	1	0	0	0	1	0	0	1	0
1396	mobilehomepark96.tif	0	0	0	1	0	0	0	0	1	1	1	0	0	0	0	1	0	1	1	0	1	1	1	0	0	1	0	0	1	0
1397	mobilehomepark97.tif	0	0	0	1	0	0	0	0	1	1	1	0	0	0	0	1	0	1	1	0	1	1	1	0	0	1	0	0	1	0
1398	mobilehomepark98.tif	0	0	0	1	0	0	0	0	1	1	1	0	0	0	0	1	0	1	1	0	1	1	1	0	0	1	0	0	1	0
1399	mobilehomepark99.tif	0	0	0	1	0	0	0	0	0	1	1	0	0	0	0	1	0	1	1	0	1	1	0	0	0	1	0	0	1	0
1400	overpass00.tif	0	0	0	1	0	0	0	0	1	0	1	0	0	0	0	1	0	1	1	0	0	1	1	0	0	1	0	0	1	0
1401	overpass01.tif	0	0	0	1	0	0	0	0	1	0	1	0	0	0	0	1	0	1	1	0	0	1	1	0	0	1	0	0	1	0
1402	overpass02.tif	0	1	0	1	0	0	0	0	0	0	1	0	0	0	0	0	0	1	1	1	0	0	0	0	0	1	0	0	0	0
1403	overpass03.tif	0	1	0	1	0	0	0	0	0	0	1	0	0	0	0	0	0	1	1	1	0	0	0	0	0	1	0	0	0	0
1404	overpass04.tif	0	1	0	1	0	0	0	0	0	0	1	0	0	0	0	0	0	1	1	1	0	0	0	0	0	1	0	0	0	0
1405	overpass05.tif	0	1	0	1	0	0	0	0	0	0	1	0	0	0	0	0	0	1	1	1	0	0	0	0	0	1	0	0	0	0
1406	overpass06.tif	0	1	0	1	0	0	0	0	0	0	1	0	0	0	0	1	0	1	1	1	0	1	0	0	0	1	0	0	1	0
1407	overpass07.tif	0	1	0	1	0	0	0	0	0	0	1	0	0	0	0	0	0	1	1	1	0	0	0	0	0	1	0	0	0	0
1408	overpass08.tif	0	1	0	1	0	0	0	0	0	0	1	0	0	0	0	0	0	1	1	1	0	0	0	0	0	1	0	0	0	0
1409	overpass09.tif	0	1	0	1	0	0	0	0	0	0	1	0	0	0	0	0	0	1	1	1	0	0	0	0	0	1	0	0	0	0
1410	overpass10.tif	0	0	0	1	0	0	0	0	1	0	1	0	0	0	0	0	0	1	1	0	0	1	1	0	0	1	0	0	0	0
1411	overpass11.tif	0	1	0	1	0	0	0	0	0	0	1	0	0	0	0	1	0	1	1	1	0	1	0	0	0	1	0	0	1	0
1412	overpass12.tif	0	0	0	1	0	0	0	0	1	0	1	0	0	0	0	0	0	1	1	0	0	1	1	0	0	1	0	0	0	0
1413	overpass13.tif	0	1	0	1	0	0	0	0	1	0	1	0	0	0	0	1	0	1	1	1	0	1	1	0	0	1	0	0	1	0
1414	overpass14.tif	0	1	0	0	0	0	0	0	1	0	1	0	0	0	0	1	0	1	0	1	0	1	1	0	0	1	0	0	1	0
1415	overpass15.tif	0	0	0	1	0	0	0	0	1	0	1	0	0	0	0	0	0	1	1	0	0	1	1	0	0	1	0	0	0	0
1416	overpass16.tif	0	0	0	1	0	0	0	0	1	0	1	0	0	0	0	1	0	1	1	0	0	1	1	0	0	1	0	0	1	0
1417	overpass17.tif	0	0	0	1	0	0	0	0	1	0	1	0	0	0	0	0	0	1	1	0	0	1	1	0	0	1	0	0	0	0
1418	overpass18.tif	0	0	0	1	0	0	0	0	1	0	1	0	0	0	0	0	0	1	1	0	0	1	1	0	0	1	0	0	0	0
1419	overpass19.tif	0	0	0	1	0	0	0	0	1	0	1	0	0	0	0	0	0	1	1	0	0	1	1	0	0	1	0	0	0	0
1420	overpass20.tif	0	0	0	1	0	0	0	0	1	0	1	0	0	0	0	0	0	1	1	0	0	1	1	0	0	1	0	0	0	0
1421	overpass21.tif	0	0	0	1	0	0	0	0	1	0	1	0	0	0	0	0	0	1	1	0	0	1	1	0	0	1	0	0	0	0
1422	overpass22.tif	0	0	0	1	0	0	0	0	1	0	1	0	0	0	0	0	0	1	1	0	0	1	1	0	0	1	0	0	0	0
1423	overpass23.tif	0	1	0	1	0	0	0	0	1	0	1	0	0	0	0	0	0	1	1	1	0	1	1	0	0	1	0	0	0	0
1424	overpass24.tif	0	1	0	1	0	0	0	0	1	0	1	0	0	0	0	0	0	1	1	1	0	1	1	0	0	1	0	0	0	0
1425	overpass25.tif	0	1	0	1	0	0	0	0	1	0	1	0	0	0	0	0	0	1	1	1	0	1	1	0	0	1	0	0	0	0
1426	overpass26.tif	0	1	0	1	0	0	0	0	0	0	1	0	0	0	0	0	0	1	1	1	0	0	0	0	0	1	0	0	0	0
1427	overpass27.tif	0	0	0	1	0	0	0	0	1	0	1	0	0	0	0	0	0	1	1	0	0	1	1	0	0	1	0	0	0	0
1428	overpass28.tif	0	0	0	0	0	0	0	0	1	0	1	0	0	0	0	0	0	1	0	0	0	1	1	0	0	1	0	0	0	0
1429	overpass29.tif	0	1	0	1	0	0	0	0	0	0	1	0	0	0	0	1	0	1	1	1	0	1	0	0	0	1	0	0	1	0
1430	overpass30.tif	0	1	0	1	0	0	0	0	0	0	1	0	0	0	0	1	0	1	1	1	0	1	0	0	0	1	0	0	1	0
1431	overpass31.tif	0	1	0	1	0	0	0	0	1	0	1	0	0	0	0	1	0	1	1	1	0	1	1	0	0	1	0	0	1	0
1432	overpass32.tif	0	1	0	1	0	0	0	0	1	0	1	0	0	0	0	1	0	1	1	1	0	1	1	0	0	1	0	0	1	0
1433	overpass33.tif	0	0	0	1	0	0	0	0	1	0	1	0	0	0	0	1	0	1	1	0	0	1	1	0	0	1	0	0	1	0
1434	overpass34.tif	0	0	0	1	0	0	0	0	1	0	1	0	0	0	0	1	0	1	1	0	0	1	1	0	0	1	0	0	1	0
1435	overpass35.tif	0	1	0	1	0	0	0	0	1	0	1	0	0	0	0	1	0	1	1	1	0	1	1	0	0	1	0	0	1	0
1436	overpass36.tif	0	0	0	1	0	0	0	0	1	0	1	0	0	0	0	1	0	1	1	0	0	1	1	0	0	1	0	0	1	0
1437	overpass37.tif	0	0	0	1	0	0	0	0	1	0	1	0	0	0	0	1	0	1	1	0	0	1	1	0	0	1	0	0	1	0
1438	overpass38.tif	0	0	0	1	0	0	0	0	1	0	1	0	0	0	0	0	0	1	1	0	0	1	1	0	0	1	0	0	0	0
1439	overpass39.tif	0	0	0	1	0	0	0	0	1	0	1	0	0	0	0	1	0	1	1	0	0	1	1	0	0	1	0	0	1	0
1440	overpass40.tif	0	0	0	1	0	0	0	0	1	0	1	0	0	0	0	1	0	1	1	0	0	1	1	0	0	1	0	0	1	0
1441	overpass41.tif	0	0	0	1	0	0	0	0	1	0	1	0	0	0	0	0	0	1	1	0	0	1	1	0	0	1	0	0	0	0
1442	overpass42.tif	0	0	0	1	0	0	0	0	1	0	1	0	0	0	0	0	0	1	1	0	0	1	1	0	0	1	0	0	0	0
1443	overpass43.tif	0	0	0	1	0	0	0	0	1	0	1	0	0	0	0	0	0	1	1	0	0	1	1	0	0	1	0	0	0	0
1444	overpass44.tif	0	0	0	1	0	0	0	0	1	0	1	0	0	0	0	0	0	1	1	0	0	1	1	0	0	1	0	0	0	0
1445	overpass45.tif	0	0	0	1	0	0	0	0	1	0	1	0	0	0	0	0	0	1	1	0	0	1	1	0	0	1	0	0	0	0
1446	overpass46.tif	0	0	0	1	0	0	0	0	1	0	1	0	0	0	0	0	0	1	1	0	0	1	1	0	0	1	0	0	0	0
1447	overpass47.tif	0	0	0	1	0	0	0	0	1	0	1	0	0	0	0	0	0	1	1	0	0	1	1	0	0	1	0	0	0	0
1448	overpass48.tif	0	0	0	1	0	0	0	0	1	0	1	0	0	0	0	0	0	1	1	0	0	1	1	0	0	1	0	0	0	0
1449	overpass49.tif	0	0	0	1	0	0	0	0	0	0	1	0	0	0	0	0	0	1	1	0	0	0	0	0	0	1	0	0	0	0
1450	overpass50.tif	0	0	0	1	0	0	0	0	1	0	1	0	0	0	0	0	0	1	1	0	0	1	1	0	0	1	0	0	0	0
1451	overpass51.tif	0	0	0	1	0	0	0	0	1	0	1	0	0	0	0	0	0	1	1	0	0	1	1	0	0	1	0	0	0	0
1452	overpass52.tif	0	0	0	1	0	0	0	0	1	0	1	0	0	0	0	0	0	1	1	0	0	1	1	0	0	1	0	0	0	0
1453	overpass53.tif	0	0	0	1	0	0	0	0	1	0	1	0	0	0	0	0	0	1	1	0	0	1	1	0	0	1	0	0	0	0
1454	overpass54.tif	0	1	0	1	0	0	0	0	1	0	1	0	0	0	0	0	0	1	1	1	0	1	1	0	0	1	0	0	0	0
1455	overpass55.tif	0	0	0	1	0	0	0	0	1	0	1	0	0	0	0	1	0	1	1	0	0	1	1	0	0	1	0	0	1	0
1456	overpass56.tif	0	1	0	1	0	0	0	0	1	0	1	0	0	0	0	0	0	1	1	1	0	1	1	0	0	1	0	0	0	0
1457	overpass57.tif	0	1	0	1	0	0	0	0	1	0	1	0	0	0	0	0	0	1	1	1	0	1	1	0	0	1	0	0	0	0
1458	overpass58.tif	0	1	0	1	0	0	0	0	1	0	1	0	0	0	0	0	0	1	1	1	0	1	1	0	0	1	0	0	0	0
1459	overpass59.tif	0	1	0	1	0	0	0	0	1	0	1	0	0	0	0	1	0	1	1	1	0	1	1	0	0	1	0	0	1	0
1460	overpass60.tif	0	0	0	1	0	0	0	0	1	0	1	0	0	0	0	0	0	1	1	0	0	1	1	0	0	1	0	0	0	0
1461	overpass61.tif	0	0	0	1	0	0	0	0	1	0	1	0	0	0	0	0	0	1	1	0	0	1	1	0	0	1	0	0	0	0
1462	overpass62.tif	0	0	0	1	0	0	0	0	1	0	1	0	0	0	0	0	0	1	1	0	0	1	1	0	0	1	0	0	0	0
1463	overpass63.tif	0	0	0	1	0	0	0	0	1	0	1	0	0	0	0	0	0	1	1	0	0	1	1	0	0	1	0	0	0	0
1464	overpass64.tif	0	0	0	1	0	0	0	0	1	0	1	0	0	0	0	0	0	1	1	0	0	1	1	0	0	1	0	0	0	0
1465	overpass65.tif	0	0	0	1	0	0	0	0	1	0	1	0	0	0	0	0	0	1	1	0	0	1	1	0	0	1	0	0	0	0
1466	overpass66.tif	0	1	0	1	0	0	0	0	1	0	1	0	0	0	0	0	0	1	1	1	0	1	1	0	0	1	0	0	0	0
1467	overpass67.tif	0	1	0	1	0	0	0	0	1	0	1	0	0	0	0	0	0	1	1	1	0	1	1	0	0	1	0	0	0	0
1468	overpass68.tif	0	1	0	0	0	0	0	0	1	0	1	0	0	0	0	0	0	1	0	1	0	1	1	0	0	1	0	0	0	0
1469	overpass69.tif	0	1	0	0	0	0	0	0	1	0	1	0	0	0	0	0	0	1	0	1	0	1	1	0	0	1	0	0	0	0
1470	overpass70.tif	0	1	0	1	0	0	0	0	1	0	1	0	0	0	0	0	0	1	1	1	0	1	1	0	0	1	0	0	0	0
1471	overpass71.tif	0	1	0	1	0	0	0	0	1	0	1	0	0	0	0	0	0	1	1	1	0	1	1	0	0	1	0	0	0	0
1472	overpass72.tif	0	0	0	1	0	0	0	0	1	0	1	0	0	0	0	0	0	1	1	0	0	1	1	0	0	1	0	0	0	0
1473	overpass73.tif	0	1	0	1	0	0	0	0	1	0	1	0	0	0	0	0	0	1	1	1	0	1	1	0	0	1	0	0	0	0
1474	overpass74.tif	0	1	0	1	0	0	0	0	1	0	1	0	0	0	0	0	0	1	1	1	0	1	1	0	0	1	0	0	0	0
1475	overpass75.tif	0	0	0	1	0	0	0	0	1	0	1	0	0	0	0	0	0	1	1	0	0	1	1	0	0	1	0	0	0	0
1476	overpass76.tif	0	1	0	1	0	0	0	0	1	0	1	0	0	0	0	0	0	1	1	1	0	1	1	0	0	1	0	0	0	0
1477	overpass77.tif	0	0	0	1	0	0	0	0	1	0	1	0	0	0	0	0	0	1	1	0	0	1	1	0	0	1	0	0	0	0
1478	overpass78.tif	0	1	0	0	0	0	0	0	1	0	1	0	0	0	0	0	0	1	0	1	0	1	1	0	0	1	0	0	0	0
1479	overpass79.tif	0	1	0	1	0	0	0	0	1	0	1	0	0	0	0	0	0	1	1	1	0	1	1	0	0	1	0	0	0	0
1480	overpass80.tif	0	0	0	1	0	0	0	0	1	0	1	0	0	0	0	0	0	1	1	0	0	1	1	0	0	1	0	0	0	0
1481	overpass81.tif	0	1	0	0	0	0	0	0	1	0	1	0	0	0	0	0	0	1	0	1	0	1	1	0	0	1	0	0	0	0
1482	overpass82.tif	0	1	0	0	0	0	0	0	1	0	1	0	0	0	0	0	0	1	0	1	0	1	1	0	0	1	0	0	0	0
1483	overpass83.tif	0	0	0	1	0	0	0	0	1	0	1	0	0	0	0	0	0	1	1	0	0	1	1	0	0	1	0	0	0	0
1484	overpass84.tif	0	1	0	0	0	0	0	0	1	0	1	0	0	0	0	1	0	1	0	1	0	1	1	0	0	1	0	0	1	0
1485	overpass85.tif	0	1	0	0	0	0	0	0	1	0	1	0	0	0	0	0	0	1	0	1	0	1	1	0	0	1	0	0	0	0
1486	overpass86.tif	0	1	0	1	0	0	0	0	1	0	1	0	0	0	0	1	0	1	1	1	0	1	1	0	0	1	0	0	1	0
1487	overpass87.tif	0	0	0	1	0	0	0	0	1	0	1	0	0	0	0	0	0	1	1	0	0	1	1	0	0	1	0	0	0	0
1488	overpass88.tif	0	0	0	1	0	0	0	0	1	0	1	0	0	0	0	0	0	1	1	0	0	1	1	0	0	1	0	0	0	0
1489	overpass89.tif	0	0	0	1	0	0	0	0	1	0	1	0	0	0	0	0	0	1	1	0	0	1	1	0	0	1	0	0	0	0
1490	overpass90.tif	0	0	0	1	0	0	0	0	1	0	1	0	0	0	0	0	0	1	1	0	0	1	1	0	0	1	0	0	0	0
1491	overpass91.tif	0	0	0	1	0	0	0	0	1	0	1	0	0	0	0	0	0	1	1	0	0	1	1	0	0	1	0	0	0	0
1492	overpass92.tif	0	0	0	1	0	0	0	0	1	0	1	0	0	0	0	0	0	1	1	0	0	1	1	0	0	1	0	0	0	0
1493	overpass93.tif	0	0	0	1	0	0	0	0	1	0	1	0	0	0	0	0	0	1	1	0	0	1	1	0	0	1	0	0	0	0
1494	overpass94.tif	0	0	0	1	0	0	0	0	1	0	1	0	0	0	0	0	0	1	1	0	0	1	1	0	0	1	0	0	0	0
1495	overpass95.tif	0	1	0	1	0	0	0	0	0	0	1	0	0	0	0	0	0	1	1	1	0	0	0	0	0	1	0	0	0	0
1496	overpass96.tif	0	0	0	1	0	0	0	0	1	0	1	0	0	0	0	0	0	1	1	0	0	1	1	0	0	1	0	0	0	0
1497	overpass97.tif	0	0	0	1	0	0	0	0	1	0	1	0	0	0	0	0	0	1	1	0	0	1	1	0	0	1	0	0	0	0
1498	overpass98.tif	0	0	0	1	0	0	0	0	0	0	1	0	0	0	0	0	0	1	1	0	0	0	0	0	0	1	0	0	0	0
1499	overpass99.tif	0	0	0	1	0	0	0	0	0	0	1	0	0	0	0	0	0	1	1	0	0	0	0	0	0	1	0	0	0	0
1500	parkinglot00.tif	0	0	0	1	0	0	0	0	0	0	1	0	0	0	0	0	0	1	1	0	0	0	0	0	0	1	0	0	0	0
1501	parkinglot01.tif	0	0	0	1	0	0	0	0	0	0	1	0	0	0	0	1	0	1	1	0	0	1	0	0	0	1	0	0	1	0
1502	parkinglot02.tif	0	0	0	1	0	0	0	0	0	0	1	0	0	0	0	1	0	1	1	0	0	1	0	0	0	1	0	0	1	0
1503	parkinglot03.tif	0	0	0	1	0	0	0	0	0	0	1	0	0	0	0	0	0	1	1	0	0	0	0	0	0	1	0	0	0	0
1504	parkinglot04.tif	0	0	0	1	0	0	0	0	0	0	1	0	0	0	0	0	0	1	1	0	0	0	0	0	0	1	0	0	0	0
1505	parkinglot05.tif	0	0	0	1	0	0	0	0	0	0	1	0	0	0	0	1	0	1	1	0	0	1	0	0	0	1	0	0	1	0
1506	parkinglot06.tif	0	0	0	1	0	0	0	0	0	0	1	0	0	0	0	1	0	1	1	0	0	1	0	0	0	1	0	0	1	0
1507	parkinglot07.tif	0	0	0	1	0	0	0	0	0	0	1	0	0	0	0	1	0	1	1	0	0	1	0	0	0	1	0	0	1	0
1508	parkinglot08.tif	0	0	0	1	0	0	0	0	0	0	1	0	0	0	0	1	0	1	1	0	0	1	0	0	0	1	0	0	1	0
1509	parkinglot09.tif	0	0	0	1	0	0	0	0	0	0	1	0	0	0	0	1	0	1	1	0	0	1	0	0	0	1	0	0	1	0
1510	parkinglot10.tif	0	0	0	1	0	0	0	0	0	0	1	0	0	0	0	0	0	1	1	0	0	0	0	0	0	1	0	0	0	0
1511	parkinglot11.tif	0	0	0	1	0	0	0	0	0	0	1	0	0	0	0	0	0	1	1	0	0	0	0	0	0	1	0	0	0	0
1512	parkinglot12.tif	0	0	0	1	0	0	0	0	0	0	1	0	0	0	0	0	0	1	1	0	0	0	0	0	0	1	0	0	0	0
1513	parkinglot13.tif	0	0	0	1	0	0	0	0	0	0	1	0	0	0	0	0	0	1	1	0	0	0	0	0	0	1	0	0	0	0
1514	parkinglot14.tif	0	1	0	1	0	0	0	0	0	0	1	0	0	0	0	1	0	1	1	1	0	1	0	0	0	1	0	0	1	0
1515	parkinglot15.tif	0	0	0	1	0	0	0	0	0	0	1	0	0	0	0	0	0	1	1	0	0	0	0	0	0	1	0	0	0	0
1516	parkinglot16.tif	0	0	0	1	0	0	0	0	0	0	1	0	0	0	0	0	0	1	1	0	0	0	0	0	0	1	0	0	0	0
1517	parkinglot17.tif	0	0	0	1	0	0	0	0	0	0	1	0	0	0	0	0	0	1	1	0	0	0	0	0	0	1	0	0	0	0
1518	parkinglot18.tif	0	0	0	1	0	0	0	0	0	0	1	0	0	0	0	0	0	1	1	0	0	0	0	0	0	1	0	0	0	0
1519	parkinglot19.tif	0	0	0	1	0	0	0	0	0	0	1	0	0	0	0	0	0	1	1	0	0	0	0	0	0	1	0	0	0	0
1520	parkinglot20.tif	0	0	0	1	0	0	0	0	1	0	1	0	0	0	0	1	0	1	1	0	0	1	1	0	0	1	0	0	1	0
1521	parkinglot21.tif	0	0	0	1	0	0	0	0	0	0	1	0	0	0	0	1	0	1	1	0	0	1	0	0	0	1	0	0	1	0
1522	parkinglot22.tif	0	0	0	1	0	0	0	0	0	0	1	0	0	0	0	0	0	1	1	0	0	0	0	0	0	1	0	0	0	0
1523	parkinglot23.tif	0	0	0	1	0	0	0	0	0	0	1	0	0	0	0	0	0	1	1	0	0	0	0	0	0	1	0	0	0	0
1524	parkinglot24.tif	0	0	0	1	0	0	0	0	0	0	1	0	0	0	0	0	0	1	1	0	0	0	0	0	0	1	0	0	0	0
1525	parkinglot25.tif	0	0	0	1	0	0	0	0	0	0	1	0	0	0	0	1	0	1	1	0	0	1	0	0	0	1	0	0	1	0
1526	parkinglot26.tif	0	0	0	1	0	0	0	0	1	0	1	0	0	0	0	0	0	1	1	0	0	1	1	0	0	1	0	0	0	0
1527	parkinglot27.tif	0	0	0	1	0	0	0	0	0	0	1	0	0	0	0	0	0	1	1	0	0	0	0	0	0	1	0	0	0	0
1528	parkinglot28.tif	0	0	0	1	0	0	0	0	1	0	1	0	0	0	0	0	0	1	1	0	0	1	1	0	0	1	0	0	0	0
1529	parkinglot29.tif	0	0	0	1	0	0	0	0	1	0	1	0	0	0	0	0	0	1	1	0	0	1	1	0	0	1	0	0	0	0
1530	parkinglot30.tif	0	1	0	1	0	0	0	0	1	0	1	0	0	0	0	1	0	1	1	1	0	1	1	0	0	1	0	0	1	0
1531	parkinglot31.tif	0	0	0	1	0	0	0	0	1	0	1	0	0	0	0	1	0	1	1	0	0	1	1	0	0	1	0	0	1	0
1532	parkinglot32.tif	0	0	0	1	0	0	0	0	1	0	1	0	0	0	0	1	0	1	1	0	0	1	1	0	0	1	0	0	1	0
1533	parkinglot33.tif	0	0	0	1	0	0	0	0	0	0	1	0	0	0	0	0	0	1	1	0	0	0	0	0	0	1	0	0	0	0
1534	parkinglot34.tif	0	0	0	1	0	0	0	0	1	0	1	0	0	0	0	1	0	1	1	0	0	1	1	0	0	1	0	0	1	0
1535	parkinglot35.tif	0	0	1	1	0	0	0	0	1	0	1	0	0	0	0	1	0	1	1	0	1	1	1	0	0	1	0	0	1	0
1536	parkinglot36.tif	0	0	0	1	0	0	0	0	0	0	1	0	0	0	0	0	0	1	1	0	0	0	0	0	0	1	0	0	0	0
1537	parkinglot37.tif	0	0	0	1	0	0	0	0	0	0	1	0	0	0	0	0	0	1	1	0	0	0	0	0	0	1	0	0	0	0
1538	parkinglot38.tif	0	0	0	1	0	0	0	0	0	0	1	0	0	0	0	0	0	1	1	0	0	0	0	0	0	1	0	0	0	0
1539	parkinglot39.tif	0	0	0	1	0	0	0	0	1	0	1	0	0	0	0	1	0	1	1	0	0	1	1	0	0	1	0	0	1	0
1540	parkinglot40.tif	0	0	0	1	0	0	0	0	0	0	1	0	0	0	0	0	0	1	1	0	0	0	0	0	0	1	0	0	0	0
1541	parkinglot41.tif	0	0	0	1	0	0	0	0	0	0	1	0	0	0	0	1	0	1	1	0	0	1	0	0	0	1	0	0	1	0
1542	parkinglot42.tif	0	0	0	1	0	0	0	0	0	0	1	0	0	0	0	1	0	1	1	0	0	1	0	0	0	1	0	0	1	0
1543	parkinglot43.tif	0	0	0	1	0	0	0	0	0	0	1	0	0	0	0	0	0	1	1	0	0	0	0	0	0	1	0	0	0	0
1544	parkinglot44.tif	0	0	0	1	0	0	0	0	0	0	1	0	0	0	0	1	0	1	1	0	0	1	0	0	0	1	0	0	1	0
1545	parkinglot45.tif	0	0	0	1	0	0	0	0	1	0	1	0	0	0	0	1	0	1	1	0	0	1	1	0	0	1	0	0	1	0
1546	parkinglot46.tif	0	0	0	1	0	0	0	0	1	0	1	0	0	0	0	1	0	1	1	0	0	1	1	0	0	1	0	0	1	0
1547	parkinglot47.tif	0	0	1	1	0	0	0	0	1	0	1	0	0	0	0	1	0	1	1	0	1	1	1	0	0	1	0	0	1	0
1548	parkinglot48.tif	0	0	0	1	0	0	0	0	0	0	1	0	0	0	0	1	0	1	1	0	0	1	0	0	0	1	0	0	1	0
1549	parkinglot49.tif	0	0	1	1	0	0	0	0	0	0	1	0	0	0	0	1	0	1	1	0	1	1	0	0	0	1	0	0	1	0
1550	parkinglot50.tif	0	0	0	1	0	0	0	0	0	0	1	0	0	0	0	1	0	1	1	0	0	1	0	0	0	1	0	0	1	0
1551	parkinglot51.tif	0	0	0	1	0	0	0	0	0	0	1	0	0	0	0	0	0	1	1	0	0	0	0	0	0	1	0	0	0	0
1552	parkinglot52.tif	0	0	1	1	0	0	0	0	1	0	1	0	0	0	0	1	0	1	1	0	1	1	1	0	0	1	0	0	1	0
1553	parkinglot53.tif	0	1	0	1	0	0	0	0	0	0	1	0	0	0	0	0	0	1	1	1	0	0	0	0	0	1	0	0	0	0
1554	parkinglot54.tif	0	0	0	1	0	0	0	0	1	0	1	0	0	0	0	1	0	1	1	0	0	1	1	0	0	1	0	0	1	0
1555	parkinglot55.tif	0	0	1	1	0	0	0	0	0	0	1	0	0	0	0	1	0	1	1	0	1	1	0	0	0	1	0	0	1	0
1556	parkinglot56.tif	0	0	0	1	0	0	0	0	1	0	1	0	0	0	0	1	0	1	1	0	0	1	1	0	0	1	0	0	1	0
1557	parkinglot57.tif	0	1	0	1	0	0	0	0	0	0	1	0	0	0	0	1	0	1	1	1	0	1	0	0	0	1	0	0	1	0
1558	parkinglot58.tif	0	0	0	1	0	0	0	0	0	0	1	0	0	0	0	1	0	1	1	0	0	1	0	0	0	1	0	0	1	0
1559	parkinglot59.tif	0	0	0	1	0	0	0	0	1	0	1	0	0	0	0	0	0	1	1	0	0	1	1	0	0	1	0	0	0	0
1560	parkinglot60.tif	0	0	1	1	0	0	0	0	0	0	1	0	0	0	0	1	0	1	1	0	1	1	0	0	0	1	0	0	1	0
1561	parkinglot61.tif	0	0	1	1	0	0	0	0	1	0	1	0	0	0	0	1	0	1	1	0	1	1	1	0	0	1	0	0	1	0
1562	parkinglot62.tif	0	0	0	1	0	0	0	0	0	0	1	0	0	0	0	1	0	1	1	0	0	1	0	0	0	1	0	0	1	0
1563	parkinglot63.tif	0	0	0	1	0	0	0	0	1	0	1	0	0	0	0	1	0	1	1	0	0	1	1	0	0	1	0	0	1	0
1564	parkinglot64.tif	0	0	0	1	0	0	0	0	0	0	1	0	0	0	0	1	0	1	1	0	0	1	0	0	0	1	0	0	1	0
1565	parkinglot65.tif	0	0	0	1	0	0	0	0	0	0	1	0	0	0	0	1	0	1	1	0	0	1	0	0	0	1	0	0	1	0
1566	parkinglot66.tif	0	0	0	1	0	0	0	0	0	0	1	0	0	0	0	0	0	1	1	0	0	0	0	0	0	1	0	0	0	0
1567	parkinglot67.tif	0	0	0	1	0	0	0	0	0	0	1	0	0	0	0	1	0	1	1	0	0	1	0	0	0	1	0	0	1	0
1568	parkinglot68.tif	0	0	0	1	0	0	0	0	0	0	1	0	0	0	0	0	0	1	1	0	0	0	0	0	0	1	0	0	0	0
1569	parkinglot69.tif	0	1	0	1	0	0	0	0	0	0	1	0	0	0	0	0	0	1	1	1	0	0	0	0	0	1	0	0	0	0
1570	parkinglot70.tif	0	0	1	1	0	0	0	0	0	0	1	0	0	0	0	0	0	1	1	0	1	0	0	0	0	1	0	0	0	0
1571	parkinglot71.tif	0	0	0	1	0	0	0	0	0	0	1	0	0	0	0	0	0	1	1	0	0	0	0	0	0	1	0	0	0	0
1572	parkinglot72.tif	0	0	0	1	0	0	0	0	0	0	1	0	0	0	0	0	0	1	1	0	0	0	0	0	0	1	0	0	0	0
1573	parkinglot73.tif	0	0	0	1	0	0	0	0	0	0	1	0	0	0	0	0	0	1	1	0	0	0	0	0	0	1	0	0	0	0
1574	parkinglot74.tif	0	1	0	1	0	0	0	0	0	0	1	0	0	0	0	0	0	1	1	1	0	0	0	0	0	1	0	0	0	0
1575	parkinglot75.tif	0	0	0	1	0	0	0	0	0	0	1	0	0	0	0	0	0	1	1	0	0	0	0	0	0	1	0	0	0	0
1576	parkinglot76.tif	0	0	0	1	0	0	0	0	0	0	1	0	0	0	0	0	0	1	1	0	0	0	0	0	0	1	0	0	0	0
1577	parkinglot77.tif	0	0	0	1	0	0	0	0	0	0	1	0	0	0	0	0	0	1	1	0	0	0	0	0	0	1	0	0	0	0
1578	parkinglot78.tif	0	0	0	1	0	0	0	0	0	0	1	0	0	0	0	0	0	1	1	0	0	0	0	0	0	1	0	0	0	0
1579	parkinglot79.tif	0	0	0	1	0	0	0	0	0	0	1	0	0	0	0	0	0	1	1	0	0	0	0	0	0	1	0	0	0	0
1580	parkinglot80.tif	0	0	0	1	0	0	0	0	0	0	1	0	0	0	0	0	0	1	1	0	0	0	0	0	0	1	0	0	0	0
1581	parkinglot81.tif	0	0	0	1	0	0	0	0	0	0	1	0	0	0	0	0	0	1	1	0	0	0	0	0	0	1	0	0	0	0
1582	parkinglot82.tif	0	0	0	1	0	0	0	0	0	0	1	0	0	0	0	1	0	1	1	0	0	1	0	0	0	1	0	0	1	0
1583	parkinglot83.tif	0	0	1	1	0	0	0	0	0	0	1	0	0	0	0	0	0	1	1	0	1	0	0	0	0	1	0	0	0	0
1584	parkinglot84.tif	0	0	0	1	0	0	0	0	0	0	1	0	0	0	0	0	0	1	1	0	0	0	0	0	0	1	0	0	0	0
1585	parkinglot85.tif	0	0	0	1	0	0	0	0	0	0	1	0	0	0	0	0	0	1	1	0	0	0	0	0	0	1	0	0	0	0
1586	parkinglot86.tif	0	0	0	1	0	0	0	0	0	0	1	0	0	0	0	0	0	1	1	0	0	0	0	0	0	1	0	0	0	0
1587	parkinglot87.tif	0	0	0	1	0	0	0	0	0	0	1	0	0	0	0	0	0	1	1	0	0	0	0	0	0	1	0	0	0	0
1588	parkinglot88.tif	0	0	0	1	0	0	0	0	0	0	1	0	0	0	0	0	0	1	1	0	0	0	0	0	0	1	0	0	0	0
1589	parkinglot89.tif	0	0	0	1	0	0	0	0	0	0	1	0	0	0	0	0	0	1	1	0	0	0	0	0	0	1	0	0	0	0
1590	parkinglot90.tif	0	0	0	1	0	0	0	0	0	0	1	0	0	0	0	0	0	1	1	0	0	0	0	0	0	1	0	0	0	0
1591	parkinglot91.tif	0	0	0	1	0	0	0	0	0	0	1	0	0	0	0	1	0	1	1	0	0	1	0	0	0	1	0	0	1	0
1592	parkinglot92.tif	0	0	0	1	0	0	0	0	0	0	1	0	0	0	0	0	0	1	1	0	0	0	0	0	0	1	0	0	0	0
1593	parkinglot93.tif	0	0	0	1	0	0	0	0	0	0	1	0	0	0	0	0	0	1	1	0	0	0	0	0	0	1	0	0	0	0
1594	parkinglot94.tif	0	0	0	1	0	0	0	0	0	0	1	0	0	0	0	0	0	1	1	0	0	0	0	0	0	1	0	0	0	0
1595	parkinglot95.tif	0	0	0	1	0	0	0	0	0	0	1	0	0	0	0	0	0	1	1	0	0	0	0	0	0	1	0	0	0	0
1596	parkinglot96.tif	0	0	0	1	0	0	0	0	0	0	1	0	0	0	0	0	0	1	1	0	0	0	0	0	0	1	0	0	0	0
1597	parkinglot97.tif	0	0	0	1	0	0	0	0	0	0	1	0	0	0	0	1	0	1	1	0	0	1	0	0	0	1	0	0	1	0
1598	parkinglot98.tif	0	0	1	1	0	0	0	0	0	0	1	0	0	0	0	0	0	1	1	0	1	0	0	0	0	1	0	0	0	0
1599	parkinglot99.tif	0	0	0	1	0	0	0	0	0	0	1	0	0	0	0	0	0	1	1	0	0	0	0	0	0	1	0	0	0	0
1600	river00.tif	0	1	0	0	0	0	0	0	1	0	0	1	0	0	0	1	1	1	0	1	0	1	1	0	0	0	1	1	1	1
1601	river01.tif	0	1	1	0	0	0	0	0	1	0	0	1	0	0	0	1	1	1	0	1	1	1	1	0	0	0	1	1	1	1
1602	river02.tif	0	0	0	0	0	0	0	0	1	0	0	0	0	0	0	1	1	0	0	0	0	1	1	0	0	0	1	0	1	1
1603	river03.tif	0	1	1	0	0	0	0	0	1	0	0	1	0	0	0	1	1	1	0	1	1	1	1	0	0	0	1	1	1	1
1604	river04.tif	0	0	1	1	0	0	0	0	1	0	0	1	0	0	0	1	1	1	1	0	1	1	1	0	0	0	1	1	1	1
1605	river05.tif	0	0	0	0	0	0	0	0	1	0	1	0	0	0	0	0	1	1	0	0	0	1	1	0	0	1	1	0	0	1
1606	river06.tif	0	0	0	0	0	0	0	0	1	0	0	0	0	0	0	0	1	0	0	0	0	1	1	0	0	0	1	0	0	1
1607	river07.tif	0	0	0	0	0	0	0	0	1	0	0	0	0	0	0	0	1	0	0	0	0	1	1	0	0	0	1	0	0	1
1608	river08.tif	0	0	0	0	0	0	0	0	0	0	0	0	0	0	0	0	1	0	0	0	0	0	0	0	0	0	1	0	0	1
1609	river09.tif	0	0	0	0	0	0	0	0	0	0	0	0	0	0	0	0	1	0	0	0	0	0	0	0	0	0	1	0	0	1
1610	river10.tif	0	0	0	0	0	0	0	0	0	0	0	0	0	0	0	1	1	0	0	0	0	1	0	0	0	0	1	0	1	1
1611	river11.tif	0	0	0	0	0	0	0	0	0	0	0	0	0	0	0	1	1	0	0	0	0	1	0	0	0	0	1	0	1	1
1612	river12.tif	0	0	0	0	0	0	0	0	1	0	0	0	0	0	0	1	1	0	0	0	0	1	1	0	0	0	1	0	1	1
1613	river13.tif	0	0	0	0	0	0	0	0	0	0	0	0	0	0	0	1	1	0	0	0	0	1	0	0	0	0	1	0	1	1
1614	river14.tif	0	0	0	0	0	0	0	0	0	0	0	0	0	0	0	1	1	0	0	0	0	1	0	0	0	0	1	0	1	1
1615	river15.tif	0	0	0	0	0	0	0	0	1	0	0	1	0	0	0	1	1	0	0	0	0	1	1	0	0	0	1	1	1	1
1616	river16.tif	0	0	0	0	0	0	0	0	1	0	0	1	0	0	0	1	1	0	0	0	0	1	1	0	0	0	1	1	1	1
1617	river17.tif	0	0	0	0	0	0	0	0	1	0	0	1	0	0	0	1	1	0	0	0	0	1	1	0	0	0	1	1	1	1
1618	river18.tif	0	0	0	0	0	0	0	0	1	0	0	1	0	0	0	1	1	0	0	0	0	1	1	0	0	0	1	1	1	1
1619	river19.tif	0	0	0	0	0	0	0	0	1	0	0	0	0	0	0	1	1	0	0	0	0	1	1	0	0	0	1	0	1	1
1620	river20.tif	0	1	0	0	0	0	0	0	1	0	0	0	0	0	0	1	1	1	0	1	0	1	1	0	0	0	1	0	1	1
1621	river21.tif	0	0	0	0	0	0	0	0	1	0	0	1	0	0	0	1	1	0	0	0	0	1	1	0	0	0	1	1	1	1
1622	river22.tif	0	0	0	0	0	0	0	0	1	0	0	0	0	0	0	1	1	0	0	0	0	1	1	0	0	0	1	0	1	1
1623	river23.tif	0	0	0	0	0	0	0	0	1	0	0	0	0	0	0	1	1	0	0	0	0	1	1	0	0	0	1	0	1	1
1624	river24.tif	0	0	0	1	0	0	0	0	1	0	1	0	0	0	0	1	1	1	1	0	0	1	1	0	0	1	1	0	1	1
1625	river25.tif	0	0	0	1	0	0	0	0	1	0	1	0	0	0	0	1	1	1	1	0	0	1	1	0	0	1	1	0	1	1
1626	river26.tif	0	1	0	0	0	0	0	0	1	0	0	0	0	0	0	1	1	1	0	1	0	1	1	0	0	0	1	0	1	1
1627	river27.tif	0	1	0	0	0	0	0	0	1	0	0	0	0	0	0	1	1	1	0	1	0	1	1	0	0	0	1	0	1	1
1628	river28.tif	0	1	0	0	0	0	0	0	1	0	0	0	0	0	0	1	1	1	0	1	0	1	1	0	0	0	1	0	1	1
1629	river29.tif	0	1	0	0	0	0	0	0	0	0	0	1	0	0	0	0	1	1	0	1	0	0	0	0	0	0	1	1	0	1
1630	river30.tif	0	1	0	0	0	0	0	0	0	0	0	1	0	0	0	0	1	1	0	1	0	0	0	0	0	0	1	1	0	1
1631	river31.tif	0	1	0	0	0	0	0	0	0	0	0	1	0	0	0	0	1	1	0	1	0	0	0	0	0	0	1	1	0	1
1632	river32.tif	0	1	0	0	0	0	0	0	0	0	0	1	0	0	0	0	1	1	0	1	0	0	0	0	0	0	1	1	0	1
1633	river33.tif	0	1	0	0	0	0	0	0	0	0	0	1	0	0	0	0	1	1	0	1	0	0	0	0	0	0	1	1	0	1
1634	river34.tif	0	0	0	0	0	0	0	0	1	0	0	1	0	0	0	1	1	0	0	0	0	1	1	0	0	0	1	1	1	1
1635	river35.tif	0	0	0	0	0	0	0	0	0	0	0	1	0	0	0	1	1	0	0	0	0	1	0	0	0	0	1	1	1	1
1636	river36.tif	0	0	0	0	0	0	0	0	0	0	0	1	0	0	0	1	1	0	0	0	0	1	0	0	0	0	1	1	1	1
1637	river37.tif	0	0	0	0	0	0	0	0	0	0	0	1	0	0	0	1	1	0	0	0	0	1	0	0	0	0	1	1	1	1
1638	river38.tif	0	0	0	0	0	0	0	0	1	0	0	1	0	0	0	1	1	0	0	0	0	1	1	0	0	0	1	1	1	1
1639	river39.tif	0	0	0	0	0	0	0	0	1	0	0	1	0	0	0	1	1	0	0	0	0	1	1	0	0	0	1	1	1	1
1640	river40.tif	0	0	0	0	0	0	0	0	1	0	0	1	0	0	0	1	1	0	0	0	0	1	1	0	0	0	1	1	1	1
1641	river41.tif	0	0	0	0	0	0	0	0	1	0	0	1	0	0	0	1	1	0	0	0	0	1	1	0	0	0	1	1	1	1
1642	river42.tif	0	0	0	0	0	0	0	0	1	0	0	1	0	0	0	1	1	0	0	0	0	1	1	0	0	0	1	1	1	1
1643	river43.tif	0	0	0	0	0	0	0	0	1	0	0	1	0	0	0	1	1	0	0	0	0	1	1	0	0	0	1	1	1	1
1644	river44.tif	0	0	0	0	0	0	0	0	1	0	0	1	0	0	0	1	1	0	0	0	0	1	1	0	0	0	1	1	1	1
1645	river45.tif	0	0	0	0	0	0	0	0	1	0	0	1	0	0	0	1	1	0	0	0	0	1	1	0	0	0	1	1	1	1
1646	river46.tif	0	0	0	0	0	0	0	0	1	0	0	1	0	0	0	1	1	0	0	0	0	1	1	0	0	0	1	1	1	1
1647	river47.tif	0	0	0	0	0	0	0	0	1	0	0	1	0	0	0	1	1	0	0	0	0	1	1	0	0	0	1	1	1	1
1648	river48.tif	0	0	0	0	0	0	0	0	1	0	0	1	0	0	0	1	1	0	0	0	0	1	1	0	0	0	1	1	1	1
1649	river49.tif	0	0	0	0	0	0	0	0	1	0	0	1	0	0	0	1	1	0	0	0	0	1	1	0	0	0	1	1	1	1
1650	river50.tif	0	0	0	0	0	0	0	0	1	0	0	1	0	0	0	1	1	0	0	0	0	1	1	0	0	0	1	1	1	1
1651	river51.tif	0	0	0	0	0	0	0	0	1	0	0	1	0	0	0	1	1	0	0	0	0	1	1	0	0	0	1	1	1	1
1652	river52.tif	0	0	0	0	0	0	0	0	1	0	0	1	0	0	0	1	1	0	0	0	0	1	1	0	0	0	1	1	1	1
1653	river53.tif	0	0	0	0	0	0	0	1	0	0	0	0	0	0	0	1	1	0	0	0	0	1	0	1	1	0	1	0	1	1
1654	river54.tif	0	1	0	0	0	0	0	0	1	0	1	1	0	0	0	1	1	1	0	1	0	1	1	0	0	1	1	1	1	1
1655	river55.tif	0	0	0	0	0	0	0	0	0	0	1	1	0	0	0	1	1	1	0	0	0	1	0	0	0	1	1	1	1	1
1656	river56.tif	0	0	0	0	0	0	0	0	0	0	1	1	0	0	0	1	1	1	0	0	0	1	0	0	0	1	1	1	1	1
1657	river57.tif	0	0	0	0	0	0	0	0	0	0	1	1	0	0	0	1	1	1	0	0	0	1	0	0	0	1	1	1	1	1
1658	river58.tif	0	1	1	0	0	0	0	0	0	0	0	0	0	0	0	1	1	1	0	1	1	1	0	0	0	0	1	0	1	1
1659	river59.tif	0	1	0	0	0	0	0	0	0	0	1	0	0	0	0	1	1	1	0	1	0	1	0	0	0	1	1	0	1	1
1660	river60.tif	0	1	0	0	0	0	0	0	0	0	1	0	0	0	0	1	1	1	0	1	0	1	0	0	0	1	1	0	1	1
1661	river61.tif	0	1	1	1	0	0	0	0	1	0	1	0	0	0	0	1	1	1	1	1	1	1	1	0	0	1	1	0	1	1
1662	river62.tif	0	1	0	1	0	0	0	0	0	0	0	0	0	0	0	1	1	1	1	1	0	1	0	0	0	0	1	0	1	1
1663	river63.tif	0	1	0	0	0	0	0	0	0	0	1	0	0	0	0	0	1	1	0	1	0	0	0	0	0	1	1	0	0	1
1664	river64.tif	0	1	0	0	0	0	0	0	0	0	0	0	0	0	0	0	1	1	0	1	0	0	0	0	0	0	1	0	0	1
1665	river65.tif	0	1	0	0	0	0	0	0	0	0	1	0	0	0	0	1	1	1	0	1	0	1	0	0	0	1	1	0	1	1
1666	river66.tif	0	1	0	0	0	0	0	0	0	0	1	0	0	0	0	0	1	1	0	1	0	0	0	0	0	1	1	0	0	1
1667	river67.tif	0	1	0	0	0	0	0	0	0	0	1	0	0	0	0	0	1	1	0	1	0	0	0	0	0	1	1	0	0	1
1668	river68.tif	0	1	0	0	0	0	0	0	0	0	0	0	0	0	0	1	1	1	0	1	0	1	0	0	0	0	1	0	1	1
1669	river69.tif	0	1	0	0	0	0	0	0	0	0	0	0	0	0	0	1	1	1	0	1	0	1	0	0	0	0	1	0	1	1
1670	river70.tif	0	1	0	0	0	0	0	0	0	0	0	0	0	0	0	1	1	1	0	1	0	1	0	0	0	0	1	0	1	1
1671	river71.tif	0	1	0	0	0	0	0	0	0	0	0	0	0	0	0	1	1	1	0	1	0	1	0	0	0	0	1	0	1	1
1672	river72.tif	0	1	0	0	0	0	0	0	0	0	0	0	0	0	0	1	1	1	0	1	0	1	0	0	0	0	1	0	1	1
1673	river73.tif	0	1	0	0	0	0	0	0	0	0	0	0	0	0	0	1	1	1	0	1	0	1	0	0	0	0	1	0	1	1
1674	river74.tif	0	1	0	0	0	0	0	0	0	0	0	0	0	0	0	0	1	1	0	1	0	0	0	0	0	0	1	0	0	1
1675	river75.tif	0	1	0	0	0	0	0	0	1	0	0	0	0	0	0	0	1	1	0	1	0	1	1	0	0	0	1	0	0	1
1676	river76.tif	0	1	0	0	0	0	0	0	1	0	0	0	0	0	0	0	1	1	0	1	0	1	1	0	0	0	1	0	0	1
1677	river77.tif	0	1	0	0	0	0	0	0	0	0	0	1	0	0	0	1	1	1	0	1	0	1	0	0	0	0	1	1	1	1
1678	river78.tif	0	1	0	0	0	0	0	0	0	0	0	1	0	0	0	1	1	1	0	1	0	1	0	0	0	0	1	1	1	1
1679	river79.tif	0	1	0	0	0	0	0	0	0	0	0	1	0	0	0	1	1	1	0	1	0	1	0	0	0	0	1	1	1	1
1680	river80.tif	0	1	0	0	0	0	0	0	0	0	0	1	0	0	0	1	1	1	0	1	0	1	0	0	0	0	1	1	1	1
1681	river81.tif	0	1	0	0	0	0	0	0	0	0	0	1	0	0	0	1	1	1	0	1	0	1	0	0	0	0	1	1	1	1
1682	river82.tif	0	0	0	0	0	0	0	0	0	0	0	1	0	0	0	1	1	0	0	0	0	1	0	0	0	0	1	1	1	1
1683	river83.tif	0	1	0	0	0	0	0	0	1	0	0	0	0	0	0	0	1	1	0	1	0	1	1	0	0	0	1	0	0	1
1684	river84.tif	0	0	0	0	0	0	0	0	1	0	0	0	0	0	0	1	1	0	0	0	0	1	1	0	0	0	1	0	1	1
1685	river85.tif	0	0	0	0	0	0	0	0	1	0	0	0	0	0	0	1	1	0	0	0	0	1	1	0	0	0	1	0	1	1
1686	river86.tif	0	0	0	0	0	0	0	0	1	0	0	0	0	0	0	1	1	0	0	0	0	1	1	0	0	0	1	0	1	1
1687	river87.tif	0	0	0	0	0	0	0	0	1	0	0	0	0	0	0	1	1	0	0	0	0	1	1	0	0	0	1	0	1	1
1688	river88.tif	0	1	0	0	0	0	0	0	1	0	0	0	0	0	0	0	1	1	0	1	0	1	1	0	0	0	1	0	0	1
1689	river89.tif	0	1	0	0	0	0	0	0	1	0	0	0	0	0	0	0	1	1	0	1	0	1	1	0	0	0	1	0	0	1
1690	river90.tif	0	1	0	0	0	0	0	0	1	0	0	0	0	0	0	1	1	1	0	1	0	1	1	0	0	0	1	0	1	1
1691	river91.tif	0	1	0	0	0	0	0	0	1	0	0	0	0	0	0	1	1	1	0	1	0	1	1	0	0	0	1	0	1	1
1692	river92.tif	0	0	0	0	0	0	0	0	1	0	0	0	0	0	0	1	1	0	0	0	0	1	1	0	0	0	1	0	1	1
1693	river93.tif	0	1	0	0	0	0	0	0	1	0	0	0	0	0	0	0	1	1	0	1	0	1	1	0	0	0	1	0	0	1
1694	river94.tif	0	0	0	0	0	0	0	0	1	0	0	0	0	0	0	0	1	0	0	0	0	1	1	0	0	0	1	0	0	1
1695	river95.tif	0	1	0	0	0	0	0	0	1	0	0	0	0	0	0	0	1	1	0	1	0	1	1	0	0	0	1	0	0	1
1696	river96.tif	0	0	0	0	0	0	0	0	1	0	0	0	0	1	0	1	1	1	1	0	0	1	1	0	0	0	1	0	1	1
1697	river97.tif	0	1	0	0	0	0	0	0	1	0	0	0	0	1	0	1	1	1	1	1	0	1	1	0	0	0	1	0	1	1
1698	river98.tif	0	1	0	0	0	0	0	0	1	0	0	0	0	0	0	1	1	1	0	1	0	1	1	0	0	0	1	0	1	1
1699	river99.tif	0	1	0	0	0	0	0	0	1	0	0	0	0	0	0	1	1	1	0	1	0	1	1	0	0	0	1	0	1	1
1700	runway00.tif	0	0	0	0	0	0	0	0	1	0	1	0	0	0	0	0	0	1	0	0	0	1	1	0	0	1	0	0	0	0
1701	runway01.tif	0	0	0	0	0	0	0	0	1	0	1	0	0	0	0	0	0	1	0	0	0	1	1	0	0	1	0	0	0	0
1702	runway02.tif	0	0	0	0	0	0	0	0	0	0	1	0	0	0	0	0	0	1	0	0	0	0	0	0	0	1	0	0	0	0
1703	runway03.tif	0	0	0	0	0	0	0	0	1	0	1	0	0	0	0	0	0	1	0	0	0	1	1	0	0	1	0	0	0	0
1704	runway04.tif	0	0	0	0	0	0	0	0	1	0	1	0	0	0	0	0	0	1	0	0	0	1	1	0	0	1	0	0	0	0
1705	runway05.tif	0	0	0	0	0	0	0	0	0	0	1	0	0	0	0	0	0	1	0	0	0	0	0	0	0	1	0	0	0	0
1706	runway06.tif	0	0	0	0	0	0	0	0	1	0	1	0	0	0	0	0	0	1	0	0	0	1	1	0	0	1	0	0	0	0
1707	runway07.tif	0	0	0	0	0	0	0	0	0	0	1	0	0	0	0	0	0	1	0	0	0	0	0	0	0	1	0	0	0	0
1708	runway08.tif	0	0	0	0	0	0	0	0	1	0	1	0	0	0	0	0	0	1	0	0	0	1	1	0	0	1	0	0	0	0
1709	runway09.tif	0	0	0	0	0	0	0	0	1	0	1	0	0	0	0	0	0	1	0	0	0	1	1	0	0	1	0	0	0	0
1710	runway10.tif	0	0	0	0	0	0	0	0	1	0	1	0	0	0	0	0	0	1	0	0	0	1	1	0	0	1	0	0	0	0
1711	runway11.tif	0	0	0	0	0	0	0	0	1	0	1	0	0	0	0	0	0	1	0	0	0	1	1	0	0	1	0	0	0	0
1712	runway12.tif	0	0	0	0	0	0	0	0	1	0	1	0	0	0	0	0	0	1	0	0	0	1	1	0	0	1	0	0	0	0
1713	runway13.tif	0	0	0	0	0	0	0	0	1	0	1	0	0	0	0	0	0	1	0	0	0	1	1	0	0	1	0	0	0	0
1714	runway14.tif	0	0	0	0	0	0	0	0	1	0	1	0	0	0	0	0	0	1	0	0	0	1	1	0	0	1	0	0	0	0
1715	runway15.tif	0	0	0	0	0	0	0	0	1	0	1	0	0	0	0	0	0	1	0	0	0	1	1	0	0	1	0	0	0	0
1716	runway16.tif	0	0	0	0	0	0	0	0	1	0	1	0	0	0	0	0	0	1	0	0	0	1	1	0	0	1	0	0	0	0
1717	runway17.tif	0	0	0	0	0	0	0	0	1	0	1	0	0	0	0	0	0	1	0	0	0	1	1	0	0	1	0	0	0	0
1718	runway18.tif	0	0	0	0	0	0	0	0	1	0	1	0	0	0	0	0	0	1	0	0	0	1	1	0	0	1	0	0	0	0
1719	runway19.tif	0	0	0	0	0	0	0	0	1	0	1	0	0	0	0	0	0	1	0	0	0	1	1	0	0	1	0	0	0	0
1720	runway20.tif	0	0	0	0	0	0	0	0	1	0	1	0	0	0	0	0	0	1	0	0	0	1	1	0	0	1	0	0	0	0
1721	runway21.tif	0	0	0	0	0	0	0	0	1	0	1	0	0	0	0	0	0	1	0	0	0	1	1	0	0	1	0	0	0	0
1722	runway22.tif	0	0	0	0	0	0	0	0	1	0	1	0	0	0	0	0	0	1	0	0	0	1	1	0	0	1	0	0	0	0
1723	runway23.tif	0	0	0	0	0	0	0	0	1	0	1	0	0	0	0	0	0	1	0	0	0	1	1	0	0	1	0	0	0	0
1724	runway24.tif	0	0	0	0	0	0	0	0	1	0	1	0	0	0	0	0	0	1	0	0	0	1	1	0	0	1	0	0	0	0
1725	runway25.tif	0	0	0	0	0	0	0	0	1	0	1	0	0	0	0	0	0	1	0	0	0	1	1	0	0	1	0	0	0	0
1726	runway26.tif	0	0	0	0	0	0	0	0	1	0	1	0	0	0	0	0	0	1	0	0	0	1	1	0	0	1	0	0	0	0
1727	runway27.tif	0	0	0	0	0	0	0	0	1	0	1	0	0	0	0	0	0	1	0	0	0	1	1	0	0	1	0	0	0	0
1728	runway28.tif	0	0	0	0	0	0	0	0	1	0	1	0	0	0	0	0	0	1	0	0	0	1	1	0	0	1	0	0	0	0
1729	runway29.tif	0	0	0	0	0	0	0	0	1	0	1	0	0	0	0	0	0	1	0	0	0	1	1	0	0	1	0	0	0	0
1730	runway30.tif	0	0	0	0	0	0	0	0	1	0	1	0	0	0	0	0	0	1	0	0	0	1	1	0	0	1	0	0	0	0
1731	runway31.tif	0	0	0	0	0	0	0	0	1	0	1	0	0	0	0	0	0	1	0	0	0	1	1	0	0	1	0	0	0	0
1732	runway32.tif	0	0	0	0	0	0	0	0	1	0	1	0	0	0	0	0	0	1	0	0	0	1	1	0	0	1	0	0	0	0
1733	runway33.tif	0	0	0	0	0	0	0	0	1	0	1	0	0	0	0	0	0	1	0	0	0	1	1	0	0	1	0	0	0	0
1734	runway34.tif	0	0	0	0	0	0	0	0	1	0	1	0	0	0	0	0	0	1	0	0	0	1	1	0	0	1	0	0	0	0
1735	runway35.tif	0	0	0	0	0	0	0	0	1	0	1	0	0	0	0	0	0	1	0	0	0	1	1	0	0	1	0	0	0	0
1736	runway36.tif	0	0	0	0	0	0	0	0	1	0	1	0	0	0	0	0	0	1	0	0	0	1	1	0	0	1	0	0	0	0
1737	runway37.tif	0	0	0	0	0	0	0	0	1	0	1	0	0	0	0	0	0	1	0	0	0	1	1	0	0	1	0	0	0	0
1738	runway38.tif	0	0	0	0	0	0	0	0	1	0	1	0	0	0	0	0	0	1	0	0	0	1	1	0	0	1	0	0	0	0
1739	runway39.tif	0	0	0	0	0	0	0	0	1	0	1	0	0	0	0	0	0	1	0	0	0	1	1	0	0	1	0	0	0	0
1740	runway40.tif	0	0	0	0	0	0	0	0	1	0	1	0	0	0	0	0	0	1	0	0	0	1	1	0	0	1	0	0	0	0
1741	runway41.tif	0	0	0	0	0	0	0	0	1	0	1	0	0	0	0	0	0	1	0	0	0	1	1	0	0	1	0	0	0	0
1742	runway42.tif	0	0	0	0	0	0	0	0	1	0	1	0	0	0	0	0	0	1	0	0	0	1	1	0	0	1	0	0	0	0
1743	runway43.tif	0	0	0	0	0	0	0	0	1	0	1	0	0	0	0	0	0	1	0	0	0	1	1	0	0	1	0	0	0	0
1744	runway44.tif	0	0	0	0	0	0	0	0	1	0	1	0	0	0	0	0	0	1	0	0	0	1	1	0	0	1	0	0	0	0
1745	runway45.tif	0	0	0	0	0	0	0	0	1	0	1	0	0	0	0	0	0	1	0	0	0	1	1	0	0	1	0	0	0	0
1746	runway46.tif	0	0	0	0	0	0	0	0	1	0	1	0	0	0	0	0	0	1	0	0	0	1	1	0	0	1	0	0	0	0
1747	runway47.tif	0	0	0	0	0	0	0	0	1	0	1	0	0	0	0	0	0	1	0	0	0	1	1	0	0	1	0	0	0	0
1748	runway48.tif	0	0	0	0	0	0	0	0	1	0	1	0	0	0	0	0	0	1	0	0	0	1	1	0	0	1	0	0	0	0
1749	runway49.tif	0	0	0	0	0	0	0	0	1	0	1	0	0	0	0	0	0	1	0	0	0	1	1	0	0	1	0	0	0	0
1750	runway50.tif	0	0	0	0	0	0	0	0	1	0	1	0	0	0	0	0	0	1	0	0	0	1	1	0	0	1	0	0	0	0
1751	runway51.tif	0	0	0	0	0	0	0	0	0	0	1	1	0	0	0	0	0	1	0	0	0	0	0	0	0	1	1	1	0	0
1752	runway52.tif	0	0	0	0	0	0	0	0	0	0	1	1	0	0	0	0	0	1	0	0	0	0	0	0	0	1	1	1	0	0
1753	runway53.tif	0	0	0	0	0	0	0	0	0	0	1	1	0	0	0	0	0	1	0	0	0	0	0	0	0	1	1	1	0	0
1754	runway54.tif	0	0	0	0	0	0	0	0	0	0	1	1	0	0	0	0	0	1	0	0	0	0	0	0	0	1	1	1	0	0
1755	runway55.tif	0	0	0	0	0	0	0	0	0	0	1	1	0	0	0	0	0	1	0	0	0	0	0	0	0	1	1	1	0	0
1756	runway56.tif	0	0	0	0	0	0	0	0	0	0	1	1	0	0	0	0	0	1	0	0	0	0	0	0	0	1	1	1	0	0
1757	runway57.tif	0	0	0	0	0	0	0	0	0	0	1	1	0	0	0	0	0	1	0	0	0	0	0	0	0	1	1	1	0	0
1758	runway58.tif	0	0	0	0	0	0	0	0	0	0	1	1	0	0	0	0	0	1	0	0	0	0	0	0	0	1	1	1	0	0
1759	runway59.tif	0	0	0	0	0	0	0	0	0	0	1	1	0	0	0	0	0	1	0	0	0	0	0	0	0	1	1	1	0	0
1760	runway60.tif	0	0	0	0	0	0	0	0	0	0	1	0	0	0	0	0	0	1	0	0	0	0	0	0	0	1	0	0	0	0
1761	runway61.tif	0	0	0	0	0	0	0	0	0	0	1	1	0	0	0	0	0	1	0	0	0	0	0	0	0	1	1	1	0	0
1762	runway62.tif	0	0	0	0	0	0	0	0	0	0	1	0	0	0	0	0	0	1	0	0	0	0	0	0	0	1	0	0	0	0
1763	runway63.tif	0	0	0	0	0	0	0	0	0	0	1	0	0	0	0	0	0	1	0	0	0	0	0	0	0	1	0	0	0	0
1764	runway64.tif	0	0	0	0	0	0	0	0	0	0	1	0	0	0	0	0	0	1	0	0	0	0	0	0	0	1	0	0	0	0
1765	runway65.tif	0	0	0	0	0	0	0	0	0	0	1	1	0	0	0	0	0	1	0	0	0	0	0	0	0	1	1	1	0	0
1766	runway66.tif	0	0	0	0	0	0	0	0	0	0	1	1	0	0	0	0	0	1	0	0	0	0	0	0	0	1	1	1	0	0
1767	runway67.tif	0	0	0	0	0	0	0	0	0	0	1	1	0	0	0	0	0	1	0	0	0	0	0	0	0	1	1	1	0	0
1768	runway68.tif	0	0	0	0	0	0	0	0	0	0	1	1	0	0	0	0	0	1	0	0	0	0	0	0	0	1	1	1	0	0
1769	runway69.tif	0	0	0	0	0	0	0	0	0	0	1	1	0	0	0	0	0	1	0	0	0	0	0	0	0	1	1	1	0	0
1770	runway70.tif	0	0	0	0	0	0	0	0	0	0	1	1	0	0	0	0	0	1	0	0	0	0	0	0	0	1	1	1	0	0
1771	runway71.tif	0	0	0	0	0	0	0	0	0	0	1	0	0	0	0	0	0	1	0	0	0	0	0	0	0	1	0	0	0	0
1772	runway72.tif	0	0	0	0	0	0	0	0	0	0	1	1	0	0	0	0	0	1	0	0	0	0	0	0	0	1	1	1	0	0
1773	runway73.tif	0	0	0	0	0	0	0	0	0	0	1	1	0	0	0	0	0	1	0	0	0	0	0	0	0	1	1	1	0	0
1774	runway74.tif	0	0	0	0	0	0	0	0	0	0	1	1	0	0	0	0	0	1	0	0	0	0	0	0	0	1	1	1	0	0
1775	runway75.tif	0	0	0	0	0	0	0	0	0	0	1	1	0	0	0	0	0	1	0	0	0	0	0	0	0	1	1	1	0	0
1776	runway76.tif	0	0	0	0	0	0	0	0	0	0	1	1	0	0	0	0	0	1	0	0	0	0	0	0	0	1	1	1	0	0
1777	runway77.tif	0	0	0	0	0	0	0	0	0	0	1	1	0	0	0	0	0	1	0	0	0	0	0	0	0	1	1	1	0	0
1778	runway78.tif	0	0	0	0	0	0	0	0	0	0	1	0	0	0	0	0	0	1	0	0	0	0	0	0	0	1	0	0	0	0
1779	runway79.tif	0	0	0	0	0	0	0	0	0	0	1	1	0	0	0	0	0	1	0	0	0	0	0	0	0	1	1	1	0	0
1780	runway80.tif	0	0	0	0	0	0	0	0	0	0	1	1	0	0	0	0	0	1	0	0	0	0	0	0	0	1	1	1	0	0
1781	runway81.tif	0	0	0	0	0	0	0	0	0	0	1	1	0	0	0	0	0	1	0	0	0	0	0	0	0	1	1	1	0	0
1782	runway82.tif	0	0	0	0	0	0	0	0	0	0	1	1	0	0	0	0	0	1	0	0	0	0	0	0	0	1	1	1	0	0
1783	runway83.tif	0	0	0	0	0	0	0	0	0	0	1	1	0	0	0	0	0	1	0	0	0	0	0	0	0	1	1	1	0	0
1784	runway84.tif	0	0	0	0	0	0	0	0	0	0	1	1	0	0	0	0	0	1	0	0	0	0	0	0	0	1	1	1	0	0
1785	runway85.tif	0	0	0	0	0	0	0	0	0	0	1	1	0	0	0	0	0	1	0	0	0	0	0	0	0	1	1	1	0	0
1786	runway86.tif	0	0	0	0	0	0	0	0	0	0	1	1	0	0	0	0	0	1	0	0	0	0	0	0	0	1	1	1	0	0
1787	runway87.tif	0	0	0	0	0	0	0	0	0	0	1	1	0	0	0	0	0	1	0	0	0	0	0	0	0	1	1	1	0	0
1788	runway88.tif	0	0	0	0	0	0	0	0	0	0	1	1	0	0	0	0	0	1	0	0	0	0	0	0	0	1	1	1	0	0
1789	runway89.tif	0	0	0	0	0	0	0	0	0	0	1	1	0	0	0	0	0	1	0	0	0	0	0	0	0	1	1	1	0	0
1790	runway90.tif	0	0	0	0	0	0	0	0	0	0	1	0	0	0	0	0	0	1	0	0	0	0	0	0	0	1	0	0	0	0
1791	runway91.tif	0	0	0	0	0	0	0	0	0	0	1	1	0	0	0	0	0	1	0	0	0	0	0	0	0	1	1	1	0	0
1792	runway92.tif	0	0	0	0	0	0	0	0	1	0	1	0	0	0	0	0	0	1	0	0	0	1	1	0	0	1	0	0	0	0
1793	runway93.tif	0	0	0	0	0	0	0	0	1	0	1	0	0	0	0	0	0	1	0	0	0	1	1	0	0	1	0	0	0	0
1794	runway94.tif	0	0	0	0	0	0	0	0	1	0	1	0	0	0	0	0	0	1	0	0	0	1	1	0	0	1	0	0	0	0
1795	runway95.tif	0	0	0	0	0	0	0	0	1	0	1	0	0	0	0	0	0	1	0	0	0	1	1	0	0	1	0	0	0	0
1796	runway96.tif	0	0	0	0	0	0	0	0	1	0	1	0	0	0	0	0	0	1	0	0	0	1	1	0	0	1	0	0	0	0
1797	runway97.tif	0	0	0	0	0	0	0	0	0	0	1	0	0	0	0	0	0	1	0	0	0	0	0	0	0	1	0	0	0	0
1798	runway98.tif	0	0	0	0	0	0	0	0	0	0	1	0	0	0	0	0	0	1	0	0	0	0	0	0	0	1	0	0	0	0
1799	runway99.tif	0	1	0	0	0	0	0	0	0	0	1	0	0	0	0	0	0	1	0	1	0	0	0	0	0	1	0	0	0	0
1800	sparseresidential00.tif	0	0	1	1	0	0	0	0	1	0	1	0	0	0	0	1	0	1	1	0	1	1	1	0	0	1	0	0	1	0
1801	sparseresidential01.tif	0	1	1	0	0	0	0	0	1	0	1	0	0	0	0	1	0	1	0	1	1	1	1	0	0	1	0	0	1	0
1802	sparseresidential02.tif	0	1	1	0	0	0	0	0	1	0	1	0	0	0	0	1	0	1	0	1	1	1	1	0	0	1	0	0	1	0
1803	sparseresidential03.tif	0	1	1	0	0	0	0	0	1	0	0	0	0	0	0	1	0	1	0	1	1	1	1	0	0	0	0	0	1	0
1804	sparseresidential04.tif	0	1	1	1	0	0	0	0	1	0	0	0	0	0	0	1	0	1	1	1	1	1	1	0	0	0	0	0	1	0
1805	sparseresidential05.tif	0	1	1	0	0	0	0	0	1	0	1	0	0	0	0	1	0	1	0	1	1	1	1	0	0	1	0	0	1	0
1806	sparseresidential06.tif	0	1	1	0	0	0	0	0	1	0	1	0	0	0	0	1	0	1	0	1	1	1	1	0	0	1	0	0	1	0
1807	sparseresidential07.tif	0	1	1	1	0	0	0	0	1	0	1	0	0	0	0	1	0	1	1	1	1	1	1	0	0	1	0	0	1	0
1808	sparseresidential08.tif	0	1	1	1	0	0	0	0	0	0	1	0	0	0	0	1	0	1	1	1	1	1	0	0	0	1	0	0	1	0
1809	sparseresidential09.tif	0	1	1	1	0	0	0	0	1	0	1	0	0	0	0	1	0	1	1	1	1	1	1	0	0	1	0	0	1	0
1810	sparseresidential10.tif	0	1	1	0	0	0	0	0	1	0	1	0	0	0	0	1	0	1	0	1	1	1	1	0	0	1	0	0	1	0
1811	sparseresidential11.tif	0	0	1	0	0	1	0	0	1	0	1	0	0	0	0	1	0	1	1	0	1	1	1	0	0	1	0	0	1	0
1812	sparseresidential12.tif	0	1	1	1	1	0	0	0	0	0	0	1	0	0	0	1	0	1	1	1	1	1	1	0	0	0	1	1	1	0
1813	sparseresidential13.tif	0	0	1	1	1	0	0	0	0	0	1	1	0	0	0	1	0	1	1	0	1	1	1	0	0	1	1	1	1	0
1814	sparseresidential14.tif	0	0	1	1	1	0	0	0	0	0	0	1	0	0	0	1	0	1	1	0	1	1	1	0	0	0	1	1	1	0
1815	sparseresidential15.tif	0	0	1	1	1	0	0	0	0	0	1	1	0	0	0	0	0	1	1	0	1	1	1	0	0	1	1	1	0	0
1816	sparseresidential16.tif	0	0	1	0	0	0	0	0	1	0	1	0	0	0	0	1	0	1	0	0	1	1	1	0	0	1	0	0	1	0
1817	sparseresidential17.tif	0	1	1	0	0	0	0	0	1	0	1	0	0	0	0	1	0	1	0	1	1	1	1	0	0	1	0	0	1	0
1818	sparseresidential18.tif	0	0	1	1	0	0	0	0	1	0	1	0	0	0	0	1	0	1	1	0	1	1	1	0	0	1	0	0	1	0
1819	sparseresidential19.tif	0	1	1	0	0	0	0	0	1	0	1	0	0	0	0	1	0	1	0	1	1	1	1	0	0	1	0	0	1	0
1820	sparseresidential20.tif	0	1	1	1	0	0	0	0	1	0	1	0	0	0	0	0	0	1	1	1	1	1	1	0	0	1	0	0	0	0
1821	sparseresidential21.tif	0	1	1	1	0	0	0	0	1	0	1	0	0	0	0	0	0	1	1	1	1	1	1	0	0	1	0	0	0	0
1822	sparseresidential22.tif	0	1	1	0	0	0	0	0	1	0	1	0	0	0	0	0	0	1	0	1	1	1	1	0	0	1	0	0	0	0
1823	sparseresidential23.tif	0	1	1	1	0	0	0	0	1	0	1	0	0	0	0	0	0	1	1	1	1	1	1	0	0	1	0	0	0	0
1824	sparseresidential24.tif	0	1	1	1	0	0	0	0	1	0	1	0	0	0	0	0	0	1	1	1	1	1	1	0	0	1	0	0	0	0
1825	sparseresidential25.tif	0	1	1	1	0	0	0	0	1	0	1	0	0	0	0	1	0	1	1	1	1	1	1	0	0	1	0	0	1	0
1826	sparseresidential26.tif	0	0	1	1	0	0	0	0	1	0	1	0	0	0	0	1	0	1	1	0	1	1	1	0	0	1	0	0	1	0
1827	sparseresidential27.tif	0	0	1	1	0	0	0	0	1	0	1	0	0	0	0	1	0	1	1	0	1	1	1	0	0	1	0	0	1	0
1828	sparseresidential28.tif	0	0	1	1	0	0	0	0	1	0	1	0	0	0	0	1	0	1	1	0	1	1	1	0	0	1	0	0	1	0
1829	sparseresidential29.tif	0	1	1	0	0	0	0	0	1	0	1	0	0	0	0	1	0	1	0	1	1	1	1	0	0	1	0	0	1	0
1830	sparseresidential30.tif	0	1	1	1	0	0	0	0	1	0	1	0	0	0	0	0	0	1	1	1	1	1	1	0	0	1	0	0	0	0
1831	sparseresidential31.tif	0	1	1	1	0	0	0	0	0	0	1	0	0	0	0	0	0	1	1	1	1	0	0	0	0	1	0	0	0	0
1832	sparseresidential32.tif	0	1	1	0	0	0	0	0	1	0	1	0	0	0	0	1	0	1	0	1	1	1	1	0	0	1	0	0	1	0
1833	sparseresidential33.tif	0	1	1	0	0	0	0	0	1	0	1	0	0	0	0	1	0	1	0	1	1	1	1	0	0	1	0	0	1	0
1834	sparseresidential34.tif	0	1	1	1	0	0	0	0	1	0	1	0	0	0	0	0	0	1	1	1	1	1	1	0	0	1	0	0	0	0
1835	sparseresidential35.tif	0	1	1	0	0	0	0	0	1	0	1	0	0	0	0	1	0	1	0	1	1	1	1	0	0	1	0	0	1	0
1836	sparseresidential36.tif	0	1	1	0	0	0	0	0	1	0	1	0	0	0	0	0	0	1	0	1	1	1	1	0	0	1	0	0	0	0
1837	sparseresidential37.tif	0	1	1	1	0	0	0	0	1	0	1	0	0	0	0	1	0	1	1	1	1	1	1	0	0	1	0	0	1	0
1838	sparseresidential38.tif	0	1	1	1	0	0	0	0	1	0	1	0	0	0	0	1	0	1	1	1	1	1	1	0	0	1	0	0	1	0
1839	sparseresidential39.tif	0	1	1	1	0	0	0	0	1	0	1	0	0	0	0	1	0	1	1	1	1	1	1	0	0	1	0	0	1	0
1840	sparseresidential40.tif	0	1	1	0	0	0	0	0	1	0	1	0	0	0	0	0	0	1	0	1	1	1	1	0	0	1	0	0	0	0
1841	sparseresidential41.tif	0	1	1	0	0	0	0	0	1	0	0	0	0	0	0	1	0	1	0	1	1	1	1	0	0	0	0	0	1	0
1842	sparseresidential42.tif	0	1	1	1	0	0	0	0	1	0	1	0	0	0	0	1	0	1	1	1	1	1	1	0	0	1	0	0	1	0
1843	sparseresidential43.tif	0	1	1	1	0	0	0	0	1	0	1	0	0	0	0	1	0	1	1	1	1	1	1	0	0	1	0	0	1	0
1844	sparseresidential44.tif	0	1	1	1	0	0	0	0	1	0	1	0	0	0	0	1	0	1	1	1	1	1	1	0	0	1	0	0	1	0
1845	sparseresidential45.tif	0	0	1	0	0	0	0	0	1	0	1	0	0	0	0	0	0	1	0	0	1	1	1	0	0	1	0	0	0	0
1846	sparseresidential46.tif	0	1	1	0	0	0	0	0	1	0	1	0	0	0	0	1	0	1	0	1	1	1	1	0	0	1	0	0	1	0
1847	sparseresidential47.tif	0	0	1	1	0	0	0	0	1	0	1	0	0	0	0	1	0	1	1	0	1	1	1	0	0	1	0	0	1	0
1848	sparseresidential48.tif	0	1	1	0	0	0	0	0	1	0	1	0	0	0	0	0	0	1	0	1	1	1	1	0	0	1	0	0	0	0
1849	sparseresidential49.tif	0	1	1	0	0	0	0	0	1	0	1	0	0	0	0	1	0	1	0	1	1	1	1	0	0	1	0	0	1	0
1850	sparseresidential50.tif	0	1	1	0	0	0	0	0	1	0	1	0	0	0	0	1	0	1	0	1	1	1	1	0	0	1	0	0	1	0
1851	sparseresidential51.tif	0	1	1	0	0	0	0	0	1	0	1	0	0	0	0	1	0	1	0	1	1	1	1	0	0	1	0	0	1	0
1852	sparseresidential52.tif	0	1	1	0	0	0	0	0	1	0	1	0	0	0	0	0	0	1	0	1	1	1	1	0	0	1	0	0	0	0
1853	sparseresidential53.tif	0	1	1	0	0	0	0	0	1	0	1	0	0	0	0	0	0	1	0	1	1	1	1	0	0	1	0	0	0	0
1854	sparseresidential54.tif	0	1	1	0	0	0	0	0	1	0	1	0	0	0	0	0	0	1	0	1	1	1	1	0	0	1	0	0	0	0
1855	sparseresidential55.tif	0	1	1	0	0	0	0	0	1	0	1	0	0	0	0	0	0	1	0	1	1	1	1	0	0	1	0	0	0	0
1856	sparseresidential56.tif	0	1	1	1	0	0	0	0	1	0	1	0	0	0	0	0	0	1	1	1	1	1	1	0	0	1	0	0	0	0
1857	sparseresidential57.tif	0	1	1	0	0	0	0	0	1	0	1	0	0	0	0	0	0	1	0	1	1	1	1	0	0	1	0	0	0	0
1858	sparseresidential58.tif	0	0	1	0	0	0	0	0	1	0	1	0	0	0	0	0	0	1	0	0	1	1	1	0	0	1	0	0	0	0
1859	sparseresidential59.tif	0	1	1	0	0	0	0	0	1	0	1	0	0	0	0	1	0	1	0	1	1	1	1	0	0	1	0	0	1	0
1860	sparseresidential60.tif	0	0	1	0	0	1	0	0	1	0	1	0	0	0	0	0	0	1	1	0	1	1	1	0	0	1	0	0	0	0
1861	sparseresidential61.tif	0	0	1	0	0	0	0	0	1	0	0	0	0	0	0	1	0	1	0	0	1	1	1	0	0	0	0	0	1	0
1862	sparseresidential62.tif	0	0	1	0	0	0	0	0	1	0	1	0	0	0	0	1	0	1	0	0	1	1	1	0	0	1	0	0	1	0
1863	sparseresidential63.tif	0	0	1	0	0	0	0	0	1	0	1	0	0	0	0	1	0	1	0	0	1	1	1	0	0	1	0	0	1	0
1864	sparseresidential64.tif	0	0	1	0	0	0	0	0	1	0	1	0	0	0	0	1	0	1	0	0	1	1	1	0	0	1	0	0	1	0
1865	sparseresidential65.tif	0	0	1	0	0	0	0	0	1	0	1	0	0	0	0	1	0	1	0	0	1	1	1	0	0	1	0	0	1	0
1866	sparseresidential66.tif	0	0	1	0	0	0	0	0	1	0	1	0	0	0	0	1	0	1	0	0	1	1	1	0	0	1	0	0	1	0
1867	sparseresidential67.tif	0	0	1	0	0	0	0	0	1	0	1	0	0	0	0	1	0	1	0	0	1	1	1	0	0	1	0	0	1	0
1868	sparseresidential68.tif	0	0	1	0	0	0	0	0	1	0	1	0	0	0	0	1	0	1	0	0	1	1	1	0	0	1	0	0	1	0
1869	sparseresidential69.tif	0	1	1	1	0	0	0	0	1	0	0	0	0	0	0	1	0	1	1	1	1	1	1	0	0	0	0	0	1	0
1870	sparseresidential70.tif	0	1	1	0	0	0	0	0	1	0	1	0	0	0	0	1	0	1	0	1	1	1	1	0	0	1	0	0	1	0
1871	sparseresidential71.tif	0	0	1	0	0	0	0	0	1	0	1	0	0	0	0	1	0	1	0	0	1	1	1	0	0	1	0	0	1	0
1872	sparseresidential72.tif	0	1	1	0	0	1	0	0	1	0	1	0	0	0	0	1	0	1	1	1	1	1	1	0	0	1	0	0	1	0
1873	sparseresidential73.tif	0	1	1	0	0	0	0	0	1	0	1	0	0	0	0	1	0	1	0	1	1	1	1	0	0	1	0	0	1	0
1874	sparseresidential74.tif	0	0	1	1	0	0	0	0	1	0	1	0	0	0	0	1	0	1	1	0	1	1	1	0	0	1	0	0	1	0
1875	sparseresidential75.tif	0	0	1	1	0	0	0	0	1	0	1	0	0	0	0	1	0	1	1	0	1	1	1	0	0	1	0	0	1	0
1876	sparseresidential76.tif	0	0	1	1	0	0	0	0	1	0	1	0	0	0	0	1	0	1	1	0	1	1	1	0	0	1	0	0	1	0
1877	sparseresidential77.tif	0	0	1	0	0	0	0	0	1	0	1	0	0	0	0	1	0	1	0	0	1	1	1	0	0	1	0	0	1	0
1878	sparseresidential78.tif	0	0	1	0	0	0	0	0	1	0	1	0	0	0	0	1	0	1	0	0	1	1	1	0	0	1	0	0	1	0
1879	sparseresidential79.tif	0	0	1	0	0	0	0	1	1	0	0	0	0	0	0	1	0	1	0	0	1	1	1	1	1	0	0	0	1	0
1880	sparseresidential80.tif	0	0	1	0	0	0	0	0	1	0	1	0	0	0	0	1	0	1	0	0	1	1	1	0	0	1	0	0	1	0
1881	sparseresidential81.tif	0	0	1	0	0	0	0	1	1	0	1	0	0	0	0	1	0	1	0	0	1	1	1	1	1	1	0	0	1	0
1882	sparseresidential82.tif	0	1	1	1	0	0	0	1	0	0	1	0	0	0	0	1	0	1	1	1	1	1	0	1	1	1	0	0	1	0
1883	sparseresidential83.tif	0	1	1	0	0	0	0	1	1	0	1	0	0	0	0	1	0	1	0	1	1	1	1	1	1	1	0	0	1	0
1884	sparseresidential84.tif	0	0	1	0	0	0	0	1	1	0	1	0	0	0	0	1	0	1	0	0	1	1	1	1	1	1	0	0	1	0
1885	sparseresidential85.tif	0	0	1	1	1	0	0	0	0	0	1	1	0	0	0	1	0	1	1	0	1	1	1	0	0	1	1	1	1	0
1886	sparseresidential86.tif	0	0	1	0	1	0	0	0	0	0	1	1	0	0	0	1	0	1	0	0	1	1	1	0	0	1	1	1	1	0
1887	sparseresidential87.tif	0	0	1	1	1	0	0	0	0	0	1	1	0	0	0	1	0	1	1	0	1	1	1	0	0	1	1	1	1	0
1888	sparseresidential88.tif	0	0	1	1	1	0	0	0	0	0	1	1	0	0	0	1	0	1	1	0	1	1	1	0	0	1	1	1	1	0
1889	sparseresidential89.tif	0	0	1	0	1	0	0	0	0	0	1	1	0	0	0	1	0	1	0	0	1	1	1	0	0	1	1	1	1	0
1890	sparseresidential90.tif	0	0	1	1	1	0	0	0	0	0	1	1	0	0	0	1	0	1	1	0	1	1	1	0	0	1	1	1	1	0
1891	sparseresidential91.tif	0	0	1	0	1	0	0	0	0	0	1	1	0	0	0	1	0	1	0	0	1	1	1	0	0	1	1	1	1	0
1892	sparseresidential92.tif	0	0	1	1	1	0	0	0	0	0	0	1	0	0	0	1	0	1	1	0	1	1	1	0	0	0	1	1	1	0
1893	sparseresidential93.tif	0	0	1	1	1	0	0	0	0	0	1	1	0	0	0	0	0	1	1	0	1	1	1	0	0	1	1	1	0	0
1894	sparseresidential94.tif	0	0	1	0	1	0	0	0	0	0	0	1	0	0	0	0	0	1	0	0	1	1	1	0	0	0	1	1	0	0
1895	sparseresidential95.tif	0	0	1	0	0	0	0	0	1	0	1	0	0	0	0	1	0	1	0	0	1	1	1	0	0	1	0	0	1	0
1896	sparseresidential96.tif	0	0	1	0	0	0	0	0	1	0	1	0	0	0	0	1	0	1	0	0	1	1	1	0	0	1	0	0	1	0
1897	sparseresidential97.tif	0	0	1	1	0	0	0	0	1	0	0	0	0	0	0	1	0	1	1	0	1	1	1	0	0	0	0	0	1	0
1898	sparseresidential98.tif	0	0	1	1	0	0	0	0	1	0	0	0	0	0	0	1	0	1	1	0	1	1	1	0	0	0	0	0	1	0
1899	sparseresidential99.tif	0	0	1	0	0	0	0	0	1	0	0	0	0	0	0	1	0	1	0	0	1	1	1	0	0	0	0	0	1	0
1900	storagetanks00.tif	0	0	1	0	0	0	0	0	1	0	1	0	0	0	1	1	0	1	1	0	1	1	1	0	0	1	0	0	1	0
1901	storagetanks01.tif	0	1	0	0	0	0	0	0	0	0	0	1	0	0	1	0	0	1	1	1	0	0	0	0	0	0	1	1	0	0
1902	storagetanks02.tif	0	0	0	0	0	0	0	0	0	0	0	1	0	0	1	0	0	1	1	0	0	0	0	0	0	0	1	1	0	0
1903	storagetanks03.tif	0	0	1	0	0	0	0	0	1	0	1	0	0	0	1	0	0	1	1	0	1	1	1	0	0	1	0	0	0	0
1904	storagetanks04.tif	0	0	1	1	0	0	0	0	1	0	1	0	0	0	1	0	0	1	1	0	1	1	1	0	0	1	0	0	0	0
1905	storagetanks05.tif	0	0	1	0	0	0	0	0	1	0	0	0	0	0	1	0	0	1	1	0	1	1	1	0	0	0	0	0	0	0
1906	storagetanks06.tif	0	1	0	1	0	0	0	0	1	0	1	0	0	0	1	1	0	1	1	1	0	1	1	0	0	1	0	0	1	0
1907	storagetanks07.tif	0	1	0	1	0	0	0	0	1	0	1	0	0	0	1	1	0	1	1	1	0	1	1	0	0	1	0	0	1	0
1908	storagetanks08.tif	0	0	1	0	0	0	0	0	0	0	1	0	0	0	1	0	0	1	1	0	1	0	0	0	0	1	0	0	0	0
1909	storagetanks09.tif	0	1	1	0	0	0	0	0	1	0	1	0	0	0	1	0	0	1	1	1	1	1	1	0	0	1	0	0	0	0
1910	storagetanks10.tif	0	1	1	0	0	0	0	0	1	0	1	0	0	0	1	0	0	1	1	1	1	1	1	0	0	1	0	0	0	0
1911	storagetanks11.tif	0	1	0	0	0	0	0	0	1	0	1	0	0	0	1	0	0	1	1	1	0	1	1	0	0	1	0	0	0	0
1912	storagetanks12.tif	0	0	1	0	0	0	0	0	0	0	1	0	0	0	1	0	0	1	1	0	1	0	0	0	0	1	0	0	0	0
1913	storagetanks13.tif	0	0	1	1	0	0	0	0	1	0	1	0	0	0	1	0	0	1	1	0	1	1	1	0	0	1	0	0	0	0
1914	storagetanks14.tif	0	1	0	1	0	0	0	0	1	0	1	0	0	0	1	0	0	1	1	1	0	1	1	0	0	1	0	0	0	0
1915	storagetanks15.tif	0	1	0	1	0	0	0	0	1	0	1	0	0	0	1	0	0	1	1	1	0	1	1	0	0	1	0	0	0	0
1916	storagetanks16.tif	0	1	1	0	0	0	0	0	1	0	1	0	0	0	1	0	0	1	1	1	1	1	1	0	0	1	0	0	0	0
1917	storagetanks17.tif	0	0	1	1	0	0	0	0	1	0	1	0	0	0	1	1	0	1	1	0	1	1	1	0	0	1	0	0	1	0
1918	storagetanks18.tif	0	1	1	1	0	0	0	0	1	0	1	0	0	0	1	0	0	1	1	1	1	1	1	0	0	1	0	0	0	0
1919	storagetanks19.tif	0	0	1	1	0	0	0	0	1	0	1	0	0	0	1	0	0	1	1	0	1	1	1	0	0	1	0	0	0	0
1920	storagetanks20.tif	0	1	1	1	0	0	0	0	0	0	1	0	0	0	1	0	0	1	1	1	1	0	0	0	0	1	0	0	0	0
1921	storagetanks21.tif	0	1	0	0	0	0	0	0	0	0	1	0	0	0	1	1	0	1	1	1	0	1	0	0	0	1	0	0	1	0
1922	storagetanks22.tif	0	0	1	0	0	0	0	0	0	0	1	0	0	0	1	1	0	1	1	0	1	1	0	0	0	1	0	0	1	0
1923	storagetanks23.tif	0	1	1	0	0	0	0	0	0	0	1	0	0	0	1	0	0	1	1	1	1	0	0	0	0	1	0	0	0	0
1924	storagetanks24.tif	0	0	0	0	0	0	0	0	0	0	0	1	0	0	1	1	0	1	1	0	0	1	0	0	0	0	1	1	1	0
1925	storagetanks25.tif	0	1	0	0	0	0	0	0	1	0	0	0	0	0	1	0	0	1	1	1	0	1	1	0	0	0	0	0	0	0
1926	storagetanks26.tif	0	1	1	0	0	0	0	0	1	0	1	0	0	0	1	0	0	1	1	1	1	1	1	0	0	1	0	0	0	0
1927	storagetanks27.tif	0	1	1	0	0	0	0	0	0	0	1	0	0	0	1	0	0	1	1	1	1	0	0	0	0	1	0	0	0	0
1928	storagetanks28.tif	0	1	1	1	0	0	0	0	0	0	1	0	0	0	1	0	0	1	1	1	1	0	0	0	0	1	0	0	0	0
1929	storagetanks29.tif	0	1	0	0	0	0	0	0	0	0	1	0	0	0	1	0	0	1	1	1	0	0	0	0	0	1	0	0	0	0
1930	storagetanks30.tif	0	1	1	1	0	0	0	0	0	0	1	0	0	0	1	0	0	1	1	1	1	0	0	0	0	1	0	0	0	0
1931	storagetanks31.tif	0	1	0	0	0	0	0	0	0	0	1	0	0	0	1	0	0	1	1	1	0	0	0	0	0	1	0	0	0	0
1932	storagetanks32.tif	0	1	0	0	0	0	0	0	0	0	1	0	0	0	1	0	0	1	1	1	0	0	0	0	0	1	0	0	0	0
1933	storagetanks33.tif	0	1	1	0	0	0	0	0	0	0	1	0	0	0	1	0	0	1	1	1	1	0	0	0	0	1	0	0	0	0
1934	storagetanks34.tif	0	1	0	1	0	0	0	0	0	0	1	0	0	0	1	1	0	1	1	1	0	1	0	0	0	1	0	0	1	0
1935	storagetanks35.tif	0	1	1	0	0	0	0	0	0	0	1	0	0	0	1	0	0	1	1	1	1	0	0	0	0	1	0	0	0	0
1936	storagetanks36.tif	0	1	0	0	0	0	0	0	0	0	1	0	0	0	1	0	0	1	1	1	0	0	0	0	0	1	0	0	0	0
1937	storagetanks37.tif	0	1	0	0	0	0	0	0	0	0	1	0	0	0	1	0	0	1	1	1	0	0	0	0	0	1	0	0	0	0
1938	storagetanks38.tif	0	1	0	0	0	0	0	0	0	0	1	0	0	0	1	0	0	1	1	1	0	0	0	0	0	1	0	0	0	0
1939	storagetanks39.tif	0	1	0	0	0	0	0	0	0	0	1	0	0	0	1	0	0	1	1	1	0	0	0	0	0	1	0	0	0	0
1940	storagetanks40.tif	0	0	1	0	0	0	0	0	0	0	1	0	0	0	1	0	0	1	1	0	1	0	0	0	0	1	0	0	0	0
1941	storagetanks41.tif	0	0	1	0	0	0	0	0	0	0	1	0	0	0	1	0	0	1	1	0	1	0	0	0	0	1	0	0	0	0
1942	storagetanks42.tif	0	1	0	0	0	0	0	0	0	0	1	0	0	0	1	0	0	1	1	1	0	0	0	0	0	1	0	0	0	0
1943	storagetanks43.tif	0	1	1	0	0	0	0	0	0	0	1	1	0	0	1	0	0	1	1	1	1	0	0	0	0	1	1	1	0	0
1944	storagetanks44.tif	0	1	1	1	0	0	0	0	0	0	1	0	0	0	1	0	0	1	1	1	1	0	0	0	0	1	0	0	0	0
1945	storagetanks45.tif	0	1	0	0	0	0	0	0	0	0	1	0	0	0	1	0	0	1	1	1	0	0	0	0	0	1	0	0	0	0
1946	storagetanks46.tif	0	1	1	0	0	0	0	0	1	0	1	0	0	0	1	0	0	1	1	1	1	1	1	0	0	1	0	0	0	0
1947	storagetanks47.tif	0	1	0	0	0	0	0	0	0	0	1	0	0	0	1	1	0	1	1	1	0	1	0	0	0	1	0	0	1	0
1948	storagetanks48.tif	0	1	1	0	0	0	0	0	1	0	1	0	0	0	1	0	0	1	1	1	1	1	1	0	0	1	0	0	0	0
1949	storagetanks49.tif	0	1	1	1	0	0	0	0	1	0	1	0	0	0	1	0	0	1	1	1	1	1	1	0	0	1	0	0	0	0
1950	storagetanks50.tif	0	1	1	1	0	0	0	0	1	0	1	0	0	0	1	0	0	1	1	1	1	1	1	0	0	1	0	0	0	0
1951	storagetanks51.tif	0	1	0	0	0	0	0	0	1	0	1	0	0	0	1	0	0	1	1	1	0	1	1	0	0	1	0	0	0	0
1952	storagetanks52.tif	0	1	1	0	0	0	0	0	1	0	1	0	0	0	1	0	0	1	1	1	1	1	1	0	0	1	0	0	0	0
1953	storagetanks53.tif	0	1	1	0	0	0	0	0	0	0	1	0	0	0	1	0	0	1	1	1	1	0	0	0	0	1	0	0	0	0
1954	storagetanks54.tif	0	1	0	1	0	0	0	0	0	0	1	0	0	0	1	1	0	1	1	1	0	1	0	0	0	1	0	0	1	0
1955	storagetanks55.tif	0	1	1	0	0	0	0	0	1	0	1	0	0	0	1	0	0	1	1	1	1	1	1	0	0	1	0	0	0	0
1956	storagetanks56.tif	0	1	1	0	0	0	0	0	1	0	1	0	0	0	1	0	0	1	1	1	1	1	1	0	0	1	0	0	0	0
1957	storagetanks57.tif	0	1	1	1	0	0	0	0	1	0	1	0	0	0	1	1	0	1	1	1	1	1	1	0	0	1	0	0	1	0
1958	storagetanks58.tif	0	1	1	1	0	0	0	0	1	0	1	0	0	0	1	0	0	1	1	1	1	1	1	0	0	1	0	0	0	0
1959	storagetanks59.tif	0	1	1	0	0	0	0	0	1	0	1	0	0	0	1	0	0	1	1	1	1	1	1	0	0	1	0	0	0	0
1960	storagetanks60.tif	0	1	0	0	0	0	0	0	1	0	1	0	0	0	1	0	0	1	1	1	0	1	1	0	0	1	0	0	0	0
1961	storagetanks61.tif	0	1	1	0	0	0	0	0	0	0	1	0	0	0	1	0	0	1	1	1	1	0	0	0	0	1	0	0	0	0
1962	storagetanks62.tif	0	1	1	0	0	0	0	0	0	0	1	0	0	0	1	0	0	1	1	1	1	0	0	0	0	1	0	0	0	0
1963	storagetanks63.tif	0	0	0	1	0	0	0	0	1	0	1	0	0	0	1	0	0	1	1	0	0	1	1	0	0	1	0	0	0	0
1964	storagetanks64.tif	0	1	1	1	0	0	0	0	0	0	1	0	0	0	1	0	0	1	1	1	1	0	0	0	0	1	0	0	0	0
1965	storagetanks65.tif	0	1	1	0	0	0	0	0	1	0	1	0	0	0	1	1	0	1	1	1	1	1	1	0	0	1	0	0	1	0
1966	storagetanks66.tif	0	1	1	1	0	0	0	0	1	0	1	0	0	0	1	1	0	1	1	1	1	1	1	0	0	1	0	0	1	0
1967	storagetanks67.tif	0	1	0	0	0	0	0	0	1	0	1	0	0	0	1	0	0	1	1	1	0	1	1	0	0	1	0	0	0	0
1968	storagetanks68.tif	0	1	1	0	0	0	0	0	1	0	1	0	0	0	1	1	0	1	1	1	1	1	1	0	0	1	0	0	1	0
1969	storagetanks69.tif	0	1	1	1	0	0	0	0	1	0	1	0	0	0	1	1	0	1	1	1	1	1	1	0	0	1	0	0	1	0
1970	storagetanks70.tif	0	1	1	1	0	0	0	0	1	0	1	0	0	0	1	0	0	1	1	1	1	1	1	0	0	1	0	0	0	0
1971	storagetanks71.tif	0	1	0	0	0	0	0	0	0	0	0	0	0	0	1	1	0	1	1	1	0	1	0	0	0	0	0	0	1	0
1972	storagetanks72.tif	0	1	1	0	0	0	0	0	0	0	0	1	0	0	1	1	0	1	1	1	1	1	0	0	0	0	1	1	1	0
1973	storagetanks73.tif	0	0	0	0	0	0	0	0	1	0	1	1	0	0	1	0	0	1	1	0	0	1	1	0	0	1	1	1	0	0
1974	storagetanks74.tif	0	0	0	0	0	0	0	0	0	0	1	1	0	0	1	0	0	1	1	0	0	0	0	0	0	1	1	1	0	0
1975	storagetanks75.tif	0	0	1	1	0	0	0	0	0	0	1	1	0	0	1	0	0	1	1	0	1	0	0	0	0	1	1	1	0	0
1976	storagetanks76.tif	0	0	0	0	0	0	0	0	0	0	1	1	0	0	1	1	0	1	1	0	0	1	0	0	0	1	1	1	1	0
1977	storagetanks77.tif	0	0	1	0	0	0	0	0	0	0	1	1	0	0	1	1	0	1	1	0	1	1	0	0	0	1	1	1	1	0
1978	storagetanks78.tif	0	0	0	0	0	0	0	0	0	0	1	1	0	0	1	0	0	1	1	0	0	0	0	0	0	1	1	1	0	0
1979	storagetanks79.tif	0	0	0	1	0	0	0	0	0	0	1	1	0	0	1	0	0	1	1	0	0	0	0	0	0	1	1	1	0	0
1980	storagetanks80.tif	0	0	0	0	0	0	0	0	0	0	1	1	0	0	1	1	0	1	1	0	0	1	0	0	0	1	1	1	1	0
1981	storagetanks81.tif	0	0	0	0	0	0	0	0	0	0	1	1	0	0	1	1	0	1	1	0	0	1	0	0	0	1	1	1	1	0
1982	storagetanks82.tif	0	1	1	1	0	0	0	0	0	0	1	1	0	0	1	1	0	1	1	1	1	1	0	0	0	1	1	1	1	0
1983	storagetanks83.tif	0	1	0	1	0	0	0	0	0	0	1	0	0	0	1	1	0	1	1	1	0	1	0	0	0	1	0	0	1	0
1984	storagetanks84.tif	0	0	0	0	0	0	0	0	0	0	1	1	0	0	1	0	0	1	1	0	0	0	0	0	0	1	1	1	0	0
1985	storagetanks85.tif	0	1	0	0	0	0	0	0	0	0	0	1	0	0	1	0	0	1	1	1	0	0	0	0	0	0	1	1	0	0
1986	storagetanks86.tif	0	0	0	0	0	0	0	0	0	0	1	0	0	0	1	0	0	1	1	0	0	0	0	0	0	1	0	0	0	0
1987	storagetanks87.tif	0	1	0	0	0	0	0	0	0	0	1	0	0	0	1	0	0	1	1	1	0	0	0	0	0	1	0	0	0	0
1988	storagetanks88.tif	0	1	1	1	0	0	0	0	0	0	1	0	0	0	1	1	0	1	1	1	1	1	0	0	0	1	0	0	1	0
1989	storagetanks89.tif	0	0	0	0	0	0	0	0	0	0	1	1	0	0	1	1	0	1	1	0	0	1	0	0	0	1	1	1	1	0
1990	storagetanks90.tif	0	0	1	1	0	0	0	0	0	0	1	1	0	0	1	0	0	1	1	0	1	0	0	0	0	1	1	1	0	0
1991	storagetanks91.tif	0	0	1	0	0	0	0	0	0	0	1	1	0	0	1	1	0	1	1	0	1	1	0	0	0	1	1	1	1	0
1992	storagetanks92.tif	0	0	1	0	0	0	0	0	0	0	1	1	0	0	1	1	1	1	1	0	1	1	0	0	0	1	1	1	1	1
1993	storagetanks93.tif	0	1	1	0	0	0	0	0	0	0	1	0	0	0	1	1	1	1	1	1	1	1	0	0	0	1	1	0	1	1
1994	storagetanks94.tif	0	0	1	0	0	0	0	0	0	0	1	1	0	0	1	1	0	1	1	0	1	1	0	0	0	1	1	1	1	0
1995	storagetanks95.tif	0	0	1	1	0	0	0	0	0	0	1	1	0	0	1	1	0	1	1	0	1	1	0	0	0	1	1	1	1	0
1996	storagetanks96.tif	0	0	0	0	0	0	0	0	0	0	1	1	0	0	1	1	0	1	1	0	0	1	0	0	0	1	1	1	1	0
1997	storagetanks97.tif	0	0	1	0	0	0	0	0	0	0	1	1	0	0	1	1	0	1	1	0	1	1	0	0	0	1	1	1	1	0
1998	storagetanks98.tif	0	0	1	0	0	0	0	0	0	0	0	1	0	0	1	1	0	1	1	0	1	1	0	0	0	0	1	1	1	0
1999	storagetanks99.tif	0	0	1	0	0	0	0	0	0	0	1	1	0	0	1	1	0	1	1	0	1	1	0	0	0	1	1	1	1	0
2000	tenniscourt00.tif	0	0	0	0	0	1	0	0	1	0	1	0	0	0	0	1	0	1	1	0	0	1	1	0	0	1	0	0	1	0
2001	tenniscourt01.tif	0	0	1	1	0	1	0	0	0	0	1	0	0	0	0	0	0	1	1	0	1	0	0	0	0	1	0	0	0	0
2002	tenniscourt02.tif	0	1	1	1	0	1	0	0	1	0	0	0	0	0	0	1	0	1	1	1	1	1	1	0	0	0	0	0	1	0
2003	tenniscourt03.tif	0	1	1	0	0	1	0	0	1	0	1	0	0	0	0	1	0	1	1	1	1	1	1	0	0	1	0	0	1	0
2004	tenniscourt04.tif	0	0	1	1	0	1	0	0	1	0	1	0	0	0	0	1	0	1	1	0	1	1	1	0	0	1	0	0	1	0
2005	tenniscourt05.tif	0	1	1	0	0	1	0	0	1	0	0	0	0	0	0	1	0	1	1	1	1	1	1	0	0	0	0	0	1	0
2006	tenniscourt06.tif	0	0	0	1	0	1	0	0	1	0	1	0	0	0	0	1	0	1	1	0	0	1	1	0	0	1	0	0	1	0
2007	tenniscourt07.tif	0	0	1	0	0	1	0	0	1	0	1	0	0	0	0	0	0	1	1	0	1	1	1	0	0	1	0	0	0	0
2008	tenniscourt08.tif	0	1	1	0	0	1	0	0	1	0	0	0	0	0	0	1	0	1	1	1	1	1	1	0	0	0	0	0	1	0
2009	tenniscourt09.tif	0	0	0	0	0	1	0	0	1	0	0	0	0	0	0	1	0	1	1	0	0	1	1	0	0	0	0	0	1	0
2010	tenniscourt10.tif	0	0	1	0	0	1	0	0	0	0	1	0	0	0	0	0	0	1	1	0	1	0	0	0	0	1	0	0	0	0
2011	tenniscourt11.tif	0	1	0	0	0	1	0	0	1	0	0	0	0	0	0	1	0	1	1	1	0	1	1	0	0	0	0	0	1	0
2012	tenniscourt12.tif	0	1	1	0	0	1	0	0	1	0	1	0	0	0	0	0	0	1	1	1	1	1	1	0	0	1	0	0	0	0
2013	tenniscourt13.tif	0	1	0	0	0	1	0	0	1	0	0	0	0	0	0	0	0	1	1	1	0	1	1	0	0	0	0	0	0	0
2014	tenniscourt14.tif	0	0	1	0	0	1	0	0	1	0	1	0	0	0	0	1	0	1	1	0	1	1	1	0	0	1	0	0	1	0
2015	tenniscourt15.tif	0	0	1	1	0	1	0	0	1	0	1	0	0	0	0	1	0	1	1	0	1	1	1	0	0	1	0	0	1	0
2016	tenniscourt16.tif	0	0	1	0	0	1	0	0	1	0	1	0	0	0	0	1	0	1	1	0	1	1	1	0	0	1	0	0	1	0
2017	tenniscourt17.tif	0	0	1	1	0	1	0	0	1	0	1	0	0	0	0	1	0	1	1	0	1	1	1	0	0	1	0	0	1	0
2018	tenniscourt18.tif	0	1	0	0	0	1	0	0	1	0	0	0	0	0	0	1	0	1	1	1	0	1	1	0	0	0	0	0	1	0
2019	tenniscourt19.tif	0	1	0	1	0	1	0	0	1	0	0	0	0	0	0	1	0	1	1	1	0	1	1	0	0	0	0	0	1	0
2020	tenniscourt20.tif	0	0	0	0	0	1	0	0	1	0	0	0	0	0	0	1	0	1	1	0	0	1	1	0	0	0	0	0	1	0
2021	tenniscourt21.tif	0	0	1	1	0	1	0	0	1	0	0	0	0	0	0	1	0	1	1	0	1	1	1	0	0	0	0	0	1	0
2022	tenniscourt22.tif	0	0	1	0	0	1	0	0	1	0	0	0	0	0	0	1	0	1	1	0	1	1	1	0	0	0	0	0	1	0
2023	tenniscourt23.tif	0	0	0	0	0	1	0	0	1	0	0	0	0	0	0	0	0	1	1	0	0	1	1	0	0	0	0	0	0	0
2024	tenniscourt24.tif	0	1	0	0	0	1	0	0	1	0	0	0	0	0	0	1	0	1	1	1	0	1	1	0	0	0	0	0	1	0
2025	tenniscourt25.tif	0	0	0	0	0	1	0	0	1	0	0	0	0	0	0	1	0	1	1	0	0	1	1	0	0	0	0	0	1	0
2026	tenniscourt26.tif	0	0	0	0	0	1	0	0	1	0	0	0	0	0	0	1	0	1	1	0	0	1	1	0	0	0	0	0	1	0
2027	tenniscourt27.tif	0	1	0	0	0	1	0	0	1	0	0	0	0	0	0	1	0	1	1	1	0	1	1	0	0	0	0	0	1	0
2028	tenniscourt28.tif	0	0	1	0	0	1	0	0	1	0	1	0	0	0	0	1	0	1	1	0	1	1	1	0	0	1	0	0	1	0
2029	tenniscourt29.tif	0	0	1	1	0	1	0	0	1	0	1	0	0	0	0	1	0	1	1	0	1	1	1	0	0	1	0	0	1	0
2030	tenniscourt30.tif	0	0	0	0	0	1	0	0	1	0	0	0	0	0	0	1	0	1	1	0	0	1	1	0	0	0	0	0	1	0
2031	tenniscourt31.tif	0	0	1	0	0	1	0	0	0	0	1	0	0	0	0	0	0	1	1	0	1	0	0	0	0	1	0	0	0	0
2032	tenniscourt32.tif	0	1	0	1	0	1	0	0	1	0	1	0	0	0	0	1	0	1	1	1	0	1	1	0	0	1	0	0	1	0
2033	tenniscourt33.tif	0	0	0	0	0	1	0	0	1	0	0	0	0	0	0	1	0	1	1	0	0	1	1	0	0	0	0	0	1	0
2034	tenniscourt34.tif	0	0	0	0	0	1	0	0	1	0	0	1	0	0	0	1	0	1	1	0	0	1	1	0	0	0	1	1	1	0
2035	tenniscourt35.tif	0	0	1	1	0	1	0	0	1	0	1	0	0	0	0	1	0	1	1	0	1	1	1	0	0	1	0	0	1	0
2036	tenniscourt36.tif	0	1	1	1	0	1	0	0	1	0	1	0	0	0	0	1	0	1	1	1	1	1	1	0	0	1	0	0	1	0
2037	tenniscourt37.tif	0	1	0	1	0	1	0	0	0	0	1	0	0	0	0	1	0	1	1	1	0	1	0	0	0	1	0	0	1	0
2038	tenniscourt38.tif	0	1	0	0	0	1	0	0	1	0	1	0	0	0	0	1	0	1	1	1	0	1	1	0	0	1	0	0	1	0
2039	tenniscourt39.tif	0	0	0	1	0	1	0	0	0	0	1	0	0	0	0	1	0	1	1	0	0	1	0	0	0	1	0	0	1	0
2040	tenniscourt40.tif	0	0	1	1	0	1	0	0	1	0	1	0	0	0	0	1	0	1	1	0	1	1	1	0	0	1	0	0	1	0
2041	tenniscourt41.tif	0	0	1	0	0	1	0	0	1	0	1	0	0	0	0	1	0	1	1	0	1	1	1	0	0	1	0	0	1	0
2042	tenniscourt42.tif	0	1	1	1	0	1	0	0	0	0	1	0	0	0	0	1	0	1	1	1	1	1	0	0	0	1	0	0	1	0
2043	tenniscourt43.tif	0	1	1	0	0	1	0	0	1	0	1	0	0	0	0	1	0	1	1	1	1	1	1	0	0	1	0	0	1	0
2044	tenniscourt44.tif	0	1	0	1	0	1	0	0	0	0	1	0	0	0	0	1	0	1	1	1	0	1	0	0	0	1	0	0	1	0
2045	tenniscourt45.tif	0	0	1	0	0	1	0	0	0	0	0	0	0	0	0	1	0	1	1	0	1	1	0	0	0	0	0	0	1	0
2046	tenniscourt46.tif	0	0	1	0	0	1	0	0	1	0	1	0	0	0	0	1	0	1	1	0	1	1	1	0	0	1	0	0	1	0
2047	tenniscourt47.tif	0	0	1	0	0	1	0	0	1	0	1	1	0	0	0	1	0	1	1	0	1	1	1	0	0	1	1	1	1	0
2048	tenniscourt48.tif	0	0	1	1	0	1	0	0	1	0	1	0	0	0	0	1	0	1	1	0	1	1	1	0	0	1	0	0	1	0
2049	tenniscourt49.tif	0	0	1	1	0	1	0	0	1	0	1	0	0	0	0	1	0	1	1	0	1	1	1	0	0	1	0	0	1	0
2050	tenniscourt50.tif	0	0	1	1	0	1	0	0	1	0	1	0	0	0	0	1	0	1	1	0	1	1	1	0	0	1	0	0	1	0
2051	tenniscourt51.tif	0	0	0	1	0	1	0	0	1	0	1	0	0	0	0	1	0	1	1	0	0	1	1	0	0	1	0	0	1	0
2052	tenniscourt52.tif	0	0	1	1	0	1	0	0	1	0	1	0	0	0	0	1	0	1	1	0	1	1	1	0	0	1	0	0	1	0
2053	tenniscourt53.tif	0	0	0	1	0	1	0	0	1	0	1	0	0	0	0	1	0	1	1	0	0	1	1	0	0	1	0	0	1	0
2054	tenniscourt54.tif	0	0	1	1	0	1	0	0	1	0	1	0	0	0	0	1	0	1	1	0	1	1	1	0	0	1	0	0	1	0
2055	tenniscourt55.tif	0	1	1	0	0	1	0	0	1	0	1	0	0	0	0	1	0	1	1	1	1	1	1	0	0	1	0	0	1	0
2056	tenniscourt56.tif	0	0	1	1	0	1	0	0	1	0	1	0	0	0	0	1	0	1	1	0	1	1	1	0	0	1	0	0	1	0
2057	tenniscourt57.tif	0	1	1	1	0	1	0	0	1	0	0	0	0	0	0	1	0	1	1	1	1	1	1	0	0	0	0	0	1	0
2058	tenniscourt58.tif	0	1	1	1	0	1	0	0	0	0	1	0	0	0	0	1	0	1	1	1	1	1	0	0	0	1	0	0	1	0
2059	tenniscourt59.tif	0	1	0	1	0	1	0	0	1	0	1	0	0	0	0	1	0	1	1	1	0	1	1	0	0	1	0	0	1	0
2060	tenniscourt60.tif	0	1	1	0	0	1	0	0	1	0	0	0	0	0	0	1	0	1	1	1	1	1	1	0	0	0	0	0	1	0
2061	tenniscourt61.tif	0	0	1	1	0	1	0	0	1	0	1	0	0	0	0	1	0	1	1	0	1	1	1	0	0	1	0	0	1	0
2062	tenniscourt62.tif	0	1	0	0	0	1	0	0	1	0	1	0	0	0	0	1	0	1	1	1	0	1	1	0	0	1	0	0	1	0
2063	tenniscourt63.tif	0	0	0	0	0	1	0	0	1	0	1	0	0	0	0	1	0	1	1	0	0	1	1	0	0	1	0	0	1	0
2064	tenniscourt64.tif	0	0	1	0	0	1	0	0	1	0	0	0	0	0	0	1	0	1	1	0	1	1	1	0	0	0	0	0	1	0
2065	tenniscourt65.tif	0	0	1	1	0	1	0	0	0	0	1	0	0	0	0	1	0	1	1	0	1	1	0	0	0	1	0	0	1	0
2066	tenniscourt66.tif	0	0	0	1	0	1	0	0	1	0	1	0	0	0	0	1	0	1	1	0	0	1	1	0	0	1	0	0	1	0
2067	tenniscourt67.tif	0	1	1	1	0	1	0	0	1	0	1	0	0	0	0	1	0	1	1	1	1	1	1	0	0	1	0	0	1	0
2068	tenniscourt68.tif	0	1	1	1	0	1	0	0	1	0	0	0	0	0	0	1	1	1	1	1	1	1	1	0	0	0	1	0	1	1
2069	tenniscourt69.tif	0	0	1	1	0	1	0	0	1	0	1	0	0	0	0	1	0	1	1	0	1	1	1	0	0	1	0	0	1	0
2070	tenniscourt70.tif	0	0	1	1	0	1	0	0	1	0	1	0	0	0	0	1	0	1	1	0	1	1	1	0	0	1	0	0	1	0
2071	tenniscourt71.tif	0	0	1	1	0	1	0	0	0	0	1	0	0	0	0	1	0	1	1	0	1	1	0	0	0	1	0	0	1	0
2072	tenniscourt72.tif	0	0	1	1	0	1	0	0	1	0	1	0	0	0	0	1	0	1	1	0	1	1	1	0	0	1	0	0	1	0
2073	tenniscourt73.tif	0	0	1	1	0	1	0	0	1	0	1	0	0	0	0	1	0	1	1	0	1	1	1	0	0	1	0	0	1	0
2074	tenniscourt74.tif	0	0	1	1	0	1	0	0	0	0	1	0	0	0	0	1	0	1	1	0	1	1	0	0	0	1	0	0	1	0
2075	tenniscourt75.tif	0	0	1	1	0	1	0	0	1	0	1	0	0	0	0	1	0	1	1	0	1	1	1	0	0	1	0	0	1	0
2076	tenniscourt76.tif	0	1	1	1	0	1	0	0	1	0	1	0	0	0	0	1	0	1	1	1	1	1	1	0	0	1	0	0	1	0
2077	tenniscourt77.tif	0	0	1	1	0	1	0	0	1	0	1	0	0	0	0	1	0	1	1	0	1	1	1	0	0	1	0	0	1	0
2078	tenniscourt78.tif	0	0	1	1	0	1	0	0	1	0	1	0	0	0	0	1	0	1	1	0	1	1	1	0	0	1	0	0	1	0
2079	tenniscourt79.tif	0	0	1	1	0	1	0	0	1	0	1	0	0	0	0	1	0	1	1	0	1	1	1	0	0	1	0	0	1	0
2080	tenniscourt80.tif	0	1	0	1	0	1	0	0	1	0	1	1	0	0	0	0	0	1	1	1	0	1	1	0	0	1	1	1	0	0
2081	tenniscourt81.tif	0	0	0	0	0	1	0	0	1	0	0	0	0	0	0	1	0	1	1	0	0	1	1	0	0	0	0	0	1	0
2082	tenniscourt82.tif	0	0	1	1	0	1	0	0	1	0	1	0	0	0	0	1	0	1	1	0	1	1	1	0	0	1	0	0	1	0
2083	tenniscourt83.tif	0	0	1	1	0	1	0	0	0	0	1	0	0	0	0	1	0	1	1	0	1	1	0	0	0	1	0	0	1	0
2084	tenniscourt84.tif	0	0	1	0	0	1	0	0	1	0	0	0	0	0	0	0	0	1	1	0	1	1	1	0	0	0	0	0	0	0
2085	tenniscourt85.tif	0	1	0	0	0	1	0	0	1	0	0	0	0	0	0	1	0	1	1	1	0	1	1	0	0	0	0	0	1	0
2086	tenniscourt86.tif	0	0	1	0	0	1	0	0	1	0	1	0	0	0	0	1	0	1	1	0	1	1	1	0	0	1	0	0	1	0
2087	tenniscourt87.tif	0	1	0	0	0	1	0	0	1	0	1	0	0	0	0	0	0	1	1	1	0	1	1	0	0	1	0	0	0	0
2088	tenniscourt88.tif	0	1	0	0	0	1	0	0	1	0	0	0	0	0	0	1	0	1	1	1	0	1	1	0	0	0	0	0	1	0
2089	tenniscourt89.tif	0	1	0	0	0	1	0	0	1	0	0	0	0	0	0	1	0	1	1	1	0	1	1	0	0	0	0	0	1	0
2090	tenniscourt90.tif	0	1	0	0	0	1	0	0	1	0	0	0	0	0	0	1	0	1	1	1	0	1	1	0	0	0	0	0	1	0
2091	tenniscourt91.tif	0	1	0	0	0	1	0	0	1	0	1	0	0	0	0	1	0	1	1	1	0	1	1	0	0	1	0	0	1	0
2092	tenniscourt92.tif	0	1	0	0	0	1	0	0	1	0	1	0	0	0	0	1	0	1	1	1	0	1	1	0	0	1	0	0	1	0
2093	tenniscourt93.tif	0	0	1	1	0	1	0	0	1	0	1	0	0	0	0	1	0	1	1	0	1	1	1	0	0	1	0	0	1	0
2094	tenniscourt94.tif	0	1	0	0	0	1	0	0	1	0	1	0	0	0	0	1	0	1	1	1	0	1	1	0	0	1	0	0	1	0
2095	tenniscourt95.tif	0	1	0	0	0	1	0	0	1	0	1	0	0	0	0	0	0	1	1	1	0	1	1	0	0	1	0	0	0	0
2096	tenniscourt96.tif	0	1	1	1	0	1	0	0	1	0	1	0	0	0	0	1	0	1	1	1	1	1	1	0	0	1	0	0	1	0
2097	tenniscourt97.tif	0	1	1	1	0	1	0	0	1	0	1	0	0	0	0	1	0	1	1	1	1	1	1	0	0	1	0	0	1	0
2098	tenniscourt98.tif	0	1	1	1	0	1	0	0	1	0	1	0	0	0	0	1	0	1	1	1	1	1	1	0	0	1	0	0	1	0
2099	tenniscourt99.tif	0	1	0	1	0	1	0	0	1	0	1	0	0	0	0	1	0	1	1	1	0	1	1	0	0	1	0	0	1	0
